Open Date,Close Date,Symbol,Action,Lots,SL,TP,Open,Close,Pips,Profit,Duration,Gain
30/06/21 1:00,30/06/21 3:00,EURJPY,Buy,0.1,-,-,131.573,131.537,0,-360,1h 59m,-0.10%
30/06/21 1:35,30/06/21 2:10,USDJPY,Buy,0.1,-,-,110.523,110.546,0,230,35m,0.06%
30/06/21 1:50,30/06/21 2:10,EURJPY,Buy,0.1,-,-,131.507,131.515,0,80,20m,0.02%
29/06/21 4:45,29/06/21 9:21,GBPJPY,Sell,0.1,-,-,153.253,153.465,0,-2120,4h 36m,-0.59%
28/06/21 1:50,28/06/21 2:10,AUDJPY,Buy,0.1,-,-,84.005,84.04,0,350,20m,0.10%
25/06/21 4:35,25/06/21 7:15,CADJPY,Sell,0.1,-,-,90.034,90.026,0,80,2h 39m,0.02%
25/06/21 4:35,25/06/21 7:00,GBPJPY,Sell,0.1,-,-,154.462,154.424,0,380,2h 25m,0.11%
25/06/21 4:15,25/06/21 7:00,EURJPY,Sell,0.1,-,-,132.386,132.366,0,200,2h 44m,0.06%
25/06/21 4:20,25/06/21 7:00,CHFJPY,Sell,0.1,-,-,120.866,120.822,0,440,2h 39m,0.12%
25/06/21 1:00,25/06/21 3:00,EURJPY,Buy,0.1,-,-,132.296,132.303,0,70,1h 59m,0.02%
23/06/21 4:05,23/06/21 10:00,CADJPY,Sell,0.1,-,-,89.943,90.087,0,-1440,5h 55m,-0.40%
23/06/21 4:05,23/06/21 9:51,CHFJPY,Sell,0.1,-,-,120.535,120.737,0,-2020,5h 46m,-0.56%
23/06/21 4:05,23/06/21 7:00,EURJPY,Sell,0.1,-,-,132.202,132.06,0,1420,2h 54m,0.40%
23/06/21 4:05,23/06/21 7:00,GBPJPY,Sell,0.1,-,-,154.43,154.302,0,1280,2h 55m,0.36%
23/06/21 4:05,23/06/21 7:00,USDJPY,Sell,0.1,-,-,110.783,110.76,0,230,2h 55m,0.06%
22/06/21 1:30,22/06/21 2:10,USDJPY,Buy,0.1,-,-,110.28,110.329,0,490,40m,0.14%
22/06/21 1:30,22/06/21 2:10,GBPJPY,Buy,0.1,-,-,153.662,153.663,0,10,39m,0.00%
21/06/21 1:20,21/06/21 2:10,USDJPY,Buy,0.1,-,-,110.165,110.189,0,240,50m,0.07%
15/06/21 1:00,15/06/21 3:00,EURJPY,Buy,0.1,-,-,133.415,133.387,0,-280,1h 59m,-0.08%
10/06/21 1:00,10/06/21 3:00,EURJPY,Buy,0.1,-,-,133.513,133.489,0,-240,1h 59m,-0.07%
01/06/21 1:05,01/06/21 2:10,USDJPY,Buy,0.1,-,-,109.547,109.526,0,-210,1h 5m,-0.06%
31/05/21 4:55,31/05/21 7:15,GBPJPY,Sell,0.1,-,-,155.709,155.671,0,380,2h 20m,0.11%
31/05/21 4:55,31/05/21 7:15,CHFJPY,Sell,0.1,-,-,121.994,121.975,0,190,2h 19m,0.05%
31/05/21 4:20,31/05/21 7:05,AUDJPY,Sell,0.1,-,-,84.719,84.719,0,0,2h 45m,0.00%
28/05/21 4:10,28/05/21 7:10,USDJPY,Sell,0.1,-,-,109.933,109.832,0,1010,3h 0m,0.28%
28/05/21 4:00,28/05/21 7:10,CHFJPY,Sell,0.1,-,-,122.468,122.386,0,820,3h 10m,0.23%
28/05/21 4:10,28/05/21 7:10,AUDJPY,Sell,0.1,-,-,85.081,85.077,0,40,2h 59m,0.01%
27/05/21 4:10,27/05/21 7:00,USDJPY,Sell,0.1,-,-,109.199,109.06,0,1390,2h 49m,0.39%
26/05/21 4:45,26/05/21 9:10,CADJPY,Sell,0.1,-,-,90.192,90.274,0,-820,4h 24m,-0.23%
26/05/21 4:45,26/05/21 6:15,AUDJPY,Sell,0.1,-,-,84.356,84.662,0,-3060,1h 30m,-0.86%
25/05/21 4:00,25/05/21 10:00,GBPJPY,Sell,0.1,-,-,154.11,154.307,0,-1970,5h 59m,-0.55%
25/05/21 4:00,25/05/21 9:50,CADJPY,Sell,0.1,-,-,90.302,90.297,0,50,5h 49m,0.01%
25/05/21 4:00,25/05/21 8:50,AUDJPY,Sell,0.1,-,-,84.356,84.317,0,390,4h 50m,0.11%
25/05/21 4:00,25/05/21 7:00,CHFJPY,Sell,0.1,-,-,121.327,121.291,0,360,3h 0m,0.10%
25/05/21 4:00,25/05/21 7:00,EURJPY,Sell,0.1,-,-,132.949,132.918,0,310,2h 59m,0.09%
25/05/21 1:00,25/05/21 3:00,EURJPY,Buy,0.1,-,-,132.886,132.947,0,610,1h 59m,0.17%
24/05/21 4:00,24/05/21 7:00,USDJPY,Sell,0.1,-,-,108.981,108.863,0,1180,3h 0m,0.33%
24/05/21 4:00,24/05/21 7:00,EURJPY,Sell,0.1,-,-,132.749,132.611,0,1380,3h 0m,0.39%
24/05/21 4:00,24/05/21 7:00,CHFJPY,Sell,0.1,-,-,121.384,121.265,0,1190,3h 0m,0.34%
24/05/21 1:20,24/05/21 2:10,GBPJPY,Buy,0.1,-,-,154.09,154.079,0,-110,49m,-0.03%
20/05/21 1:00,20/05/21 3:00,EURJPY,Buy,0.1,-,-,132.997,132.976,0,-210,1h 59m,-0.06%
13/05/21 1:40,13/05/21 2:10,USDJPY,Buy,0.1,-,-,109.642,109.671,0,290,30m,0.08%
11/05/21 1:25,11/05/21 2:10,USDJPY,Buy,0.1,-,-,108.806,108.823,0,170,45m,0.05%
10/05/21 1:00,10/05/21 3:00,EURJPY,Buy,0.1,-,-,132.201,132.135,0,-660,1h 59m,-0.19%
10/05/21 1:30,10/05/21 2:10,EURJPY,Buy,0.1,-,-,132.039,132.099,0,600,40m,0.17%
10/05/21 1:05,10/05/21 2:10,USDJPY,Buy,0.1,-,-,108.578,108.541,0,-370,1h 5m,-0.10%
05/05/21 1:00,05/05/21 3:00,EURJPY,Buy,0.1,-,-,131.33,131.354,0,240,1h 59m,0.07%
04/05/21 1:35,04/05/21 2:10,USDJPY,Buy,0.1,-,-,109.038,109.069,0,310,35m,0.09%
04/05/21 1:35,04/05/21 2:10,GBPJPY,Buy,0.1,-,-,151.633,151.646,0,130,34m,0.04%
04/05/21 1:35,04/05/21 2:10,EURJPY,Buy,0.1,-,-,131.511,131.523,0,120,34m,0.03%
30/04/21 1:00,30/04/21 3:00,EURJPY,Buy,0.1,-,-,132.077,132.048,0,-290,1h 59m,-0.08%
29/04/21 4:15,29/04/21 7:50,USDJPY,Sell,0.1,-,-,108.49,108.594,0,-1040,3h 34m,-0.29%
29/04/21 4:05,29/04/21 7:40,CADJPY,Sell,0.1,-,-,88.184,88.235,0,-510,3h 34m,-0.14%
29/04/21 4:05,29/04/21 7:00,CHFJPY,Sell,0.1,-,-,119.364,119.416,0,-520,2h 54m,-0.15%
29/04/21 4:05,29/04/21 7:00,AUDJPY,Sell,0.1,-,-,84.671,84.589,0,820,2h 54m,0.23%
29/04/21 4:00,29/04/21 7:00,GBPJPY,Sell,0.1,-,-,151.447,151.495,0,-480,2h 59m,-0.14%
29/04/21 4:00,29/04/21 7:00,EURJPY,Sell,0.1,-,-,131.681,131.74,0,-590,2h 59m,-0.17%
29/04/21 1:45,29/04/21 2:10,USDJPY,Buy,0.1,-,-,108.572,108.54,0,-320,24m,-0.09%
28/04/21 4:25,28/04/21 10:00,AUDJPY,Sell,0.1,-,-,84.475,84.367,0,1080,5h 34m,0.30%
28/04/21 4:40,28/04/21 7:05,CHFJPY,Sell,0.1,-,-,119.047,118.979,0,680,2h 25m,0.19%
28/04/21 4:00,28/04/21 7:00,USDJPY,Sell,0.1,-,-,108.912,108.862,0,500,3h 0m,0.14%
28/04/21 4:40,28/04/21 7:00,EURJPY,Sell,0.1,-,-,131.576,131.481,0,950,2h 20m,0.27%
28/04/21 4:00,28/04/21 7:00,CADJPY,Sell,0.1,-,-,87.736,87.719,0,170,2h 59m,0.05%
27/04/21 4:20,27/04/21 7:00,GBPJPY,Sell,0.1,-,-,150.324,150.301,0,230,2h 40m,0.07%
27/04/21 4:20,27/04/21 7:00,CHFJPY,Sell,0.1,-,-,118.302,118.226,0,760,2h 39m,0.22%
27/04/21 4:25,27/04/21 7:00,AUDJPY,Sell,0.1,-,-,84.326,84.286,0,400,2h 35m,0.11%
27/04/21 4:20,27/04/21 7:00,EURJPY,Sell,0.1,-,-,130.71,130.682,0,280,2h 40m,0.08%
27/04/21 4:20,27/04/21 7:00,CADJPY,Sell,0.1,-,-,87.281,87.276,0,50,2h 40m,0.01%
27/04/21 4:10,27/04/21 7:00,USDJPY,Sell,0.1,-,-,108.179,108.274,0,-950,2h 49m,-0.27%
26/04/21 4:10,26/04/21 7:20,AUDJPY,Sell,0.1,-,-,83.698,83.738,0,-400,3h 10m,-0.11%
26/04/21 4:00,26/04/21 7:00,EURJPY,Sell,0.1,-,-,130.564,130.451,0,1130,3h 0m,0.32%
26/04/21 1:35,26/04/21 2:10,EURJPY,Buy,0.1,-,-,130.456,130.48,0,240,34m,0.07%
26/04/21 1:35,26/04/21 2:10,USDJPY,Buy,0.1,-,-,107.87,107.892,0,220,34m,0.06%
23/04/21 4:15,23/04/21 8:30,AUDJPY,Sell,0.1,-,-,83.242,83.391,0,-1490,4h 14m,-0.42%
23/04/21 4:30,23/04/21 8:15,CADJPY,Sell,0.1,-,-,86.386,86.471,0,-850,3h 44m,-0.24%
23/04/21 4:15,23/04/21 7:25,GBPJPY,Sell,0.1,-,-,149.411,149.573,0,-1620,3h 10m,-0.46%
23/04/21 4:15,23/04/21 7:00,CHFJPY,Sell,0.1,-,-,117.69,117.688,0,20,2h 45m,0.01%
23/04/21 4:30,23/04/21 7:00,USDJPY,Sell,0.1,-,-,107.92,107.924,0,-40,2h 30m,-0.01%
23/04/21 4:15,23/04/21 7:00,EURJPY,Sell,0.1,-,-,129.699,129.743,0,-440,2h 44m,-0.12%
22/04/21 1:55,22/04/21 2:10,AUDJPY,Buy,0.1,-,-,83.721,83.741,0,200,14m,0.06%
22/04/21 1:55,22/04/21 2:10,CADJPY,Buy,0.1,-,-,86.395,86.377,0,-180,14m,-0.05%
22/04/21 1:35,22/04/21 2:10,USDJPY,Buy,0.1,-,-,108.046,108.016,0,-300,34m,-0.08%
20/04/21 1:00,20/04/21 3:00,EURJPY,Buy,0.1,-,-,130.196,130.188,0,-80,1h 59m,-0.02%
16/04/21 1:25,16/04/21 2:10,USDJPY,Buy,0.1,-,-,108.709,108.739,0,300,44m,0.08%
16/04/21 1:25,16/04/21 2:10,EURJPY,Buy,0.1,-,-,130.119,130.132,0,130,44m,0.04%
15/04/21 1:00,15/04/21 3:00,EURJPY,Buy,0.1,-,-,130.53,130.485,0,-450,1h 59m,-0.13%
14/04/21 1:35,14/04/21 2:10,USDJPY,Buy,0.1,-,-,109.025,109.007,0,-180,35m,-0.05%
07/04/21 19:15,08/04/21 5:41,USDJPY,Buy,0.01,-,-,109.675,109.733,0,60,10h 26m,0.02%
07/04/21 0:25,07/04/21 16:47,EURGBP,Sell,0.01,-,-,0.85882,0.86543,0,-998,16h 22m,-0.28%
02/04/21 3:30,06/04/21 15:49,USDJPY,Buy,0.01,-,-,110.577,109.874,0,-702,4d ,-0.20%
26/03/21 5:10,06/04/21 5:15,EURGBP,Buy,0.01,-,-,0.85633,0.84971,0,-1061,11d ,-0.30%
30/03/21 9:05,06/04/21 3:05,EURUSD,Buy,0.01,-,-,1.17637,1.18185,0,552,6d ,0.15%
05/04/21 1:10,05/04/21 2:10,USDJPY,Buy,0.1,-,-,110.626,110.703,0,770,1h 0m,0.22%
31/03/21 4:00,31/03/21 9:15,CADJPY,Sell,0.1,-,-,87.736,87.822,0,-860,5h 15m,-0.24%
31/03/21 4:00,31/03/21 9:15,CHFJPY,Sell,0.1,-,-,117.406,117.392,0,140,5h 14m,0.04%
31/03/21 4:00,31/03/21 7:55,AUDJPY,Sell,0.1,-,-,84.211,84.256,0,-450,3h 54m,-0.13%
31/03/21 4:00,31/03/21 6:06,EURJPY,Sell,0.1,-,-,129.747,129.854,0,-1070,2h 6m,-0.30%
31/03/21 4:00,31/03/21 6:06,GBPJPY,Sell,0.1,-,-,152.11,152.196,0,-860,2h 6m,-0.24%
31/03/21 4:00,31/03/21 5:58,USDJPY,Sell,0.1,-,-,110.687,110.878,0,-1910,1h 58m,-0.53%
30/03/21 2:15,31/03/21 3:42,USDJPY,Sell,0.01,-,-,109.827,110.626,0,-805,1d ,-0.22%
30/03/21 4:30,30/03/21 8:25,GBPJPY,Sell,0.1,-,-,151.27,151.465,0,-1950,3h 55m,-0.53%
30/03/21 4:20,30/03/21 8:00,CHFJPY,Sell,0.1,-,-,116.956,117.038,0,-820,3h 40m,-0.22%
30/03/21 4:00,30/03/21 7:55,USDJPY,Sell,0.1,-,-,109.845,109.939,0,-940,3h 55m,-0.26%
30/03/21 4:00,30/03/21 7:55,CADJPY,Sell,0.1,-,-,87.246,87.34,0,-940,3h 55m,-0.26%
30/03/21 4:00,30/03/21 7:05,EURJPY,Sell,0.1,-,-,129.293,129.363,0,-700,3h 5m,-0.19%
30/03/21 4:25,30/03/21 6:15,AUDJPY,Sell,0.1,-,-,83.89,84.201,0,-3110,1h 50m,-0.84%
30/03/21 1:35,30/03/21 2:10,USDJPY,Buy,0.1,-,-,109.775,109.865,0,900,35m,0.24%
29/03/21 4:50,29/03/21 7:10,AUDJPY,Sell,0.1,-,-,83.659,83.596,0,630,2h 20m,0.17%
29/03/21 4:20,29/03/21 7:00,USDJPY,Sell,0.1,-,-,109.703,109.535,0,1680,2h 40m,0.46%
29/03/21 4:35,29/03/21 7:00,EURJPY,Sell,0.1,-,-,129.249,129.096,0,1530,2h 24m,0.42%
25/03/21 8:15,26/03/21 14:56,USDJPY,Sell,0.01,-,-,108.936,109.737,0,-806,1d ,-0.22%
26/03/21 4:40,26/03/21 10:00,CADJPY,Sell,0.1,-,-,86.765,86.919,0,-1540,5h 20m,-0.42%
26/03/21 4:40,26/03/21 9:35,GBPJPY,Sell,0.1,-,-,150.3,150.309,0,-90,4h 54m,-0.02%
26/03/21 4:00,26/03/21 9:05,CHFJPY,Sell,0.1,-,-,116.302,116.216,0,860,5h 5m,0.23%
26/03/21 4:35,26/03/21 8:41,AUDJPY,Sell,0.1,-,-,82.972,83.282,0,-3100,4h 6m,-0.84%
26/03/21 4:00,26/03/21 7:40,EURJPY,Sell,0.1,-,-,128.74,128.676,0,640,3h 39m,0.17%
22/03/21 3:05,26/03/21 4:26,EURGBP,Sell,0.01,-,-,0.85891,0.85689,0,304,4d ,0.08%
23/03/21 17:25,25/03/21 18:57,EURUSD,Buy,0.01,-,-,1.18745,1.17744,0,-1119,2d ,-0.30%
25/03/21 4:00,25/03/21 9:00,CHFJPY,Sell,0.1,-,-,116.362,116.434,0,-720,4h 59m,-0.19%
25/03/21 4:00,25/03/21 8:00,CADJPY,Sell,0.1,-,-,86.624,86.65,0,-260,3h 59m,-0.07%
25/03/21 4:00,25/03/21 7:40,EURJPY,Sell,0.1,-,-,128.666,128.779,0,-1130,3h 39m,-0.30%
25/03/21 4:00,25/03/21 7:00,USDJPY,Sell,0.1,-,-,108.877,108.903,0,-260,2h 59m,-0.07%
25/03/21 4:00,25/03/21 7:00,AUDJPY,Sell,0.1,-,-,82.777,82.814,0,-370,3h 0m,-0.10%
25/03/21 4:00,25/03/21 5:43,GBPJPY,Sell,0.1,-,-,149.125,149.346,0,-2210,1h 43m,-0.59%
22/03/21 1:05,25/03/21 4:07,USDJPY,Buy,0.01,-,-,108.787,108.917,0,130,3d ,0.03%
25/03/21 1:35,25/03/21 2:10,GBPJPY,Buy,0.1,-,-,148.787,148.786,0,-10,34m,0.00%
24/03/21 4:15,24/03/21 7:05,AUDJPY,Sell,0.1,-,-,82.686,82.503,0,1830,2h 50m,0.49%
22/03/21 19:55,23/03/21 13:08,EURUSD,Sell,0.01,-,-,1.19364,1.18997,0,397,17h 13m,0.11%
23/03/21 4:00,23/03/21 7:00,USDJPY,Sell,0.1,-,-,108.838,108.709,0,1290,3h 0m,0.35%
23/03/21 4:15,23/03/21 7:00,EURJPY,Sell,0.1,-,-,129.905,129.702,0,2030,2h 44m,0.55%
23/03/21 4:30,23/03/21 7:00,CADJPY,Sell,0.1,-,-,86.877,86.723,0,1540,2h 29m,0.42%
23/03/21 1:10,23/03/21 2:10,CHFJPY,Buy,0.1,-,-,117.848,117.806,0,-420,1h 0m,-0.11%
23/03/21 1:10,23/03/21 2:10,AUDJPY,Buy,0.1,-,-,84.247,84.196,0,-510,1h 0m,-0.14%
23/03/21 1:40,23/03/21 2:10,GBPJPY,Buy,0.1,-,-,150.801,150.818,0,170,30m,0.05%
23/03/21 1:20,23/03/21 2:10,USDJPY,Buy,0.1,-,-,108.814,108.789,0,-250,49m,-0.07%
22/03/21 0:05,22/03/21 1:10,USDJPY,Buy,0.1,-,-,108.667,108.792,0,1250,1h 5m,0.34%
22/03/21 0:05,22/03/21 1:10,EURJPY,Buy,0.1,-,-,129.094,129.323,0,2290,1h 4m,0.63%
22/03/21 0:05,22/03/21 1:10,GBPJPY,Buy,0.1,-,-,150.419,150.621,0,2020,1h 4m,0.56%
22/03/21 0:10,22/03/21 1:10,AUDJPY,Buy,0.1,-,-,83.88,84.055,0,1750,1h 0m,0.48%
22/03/21 0:05,22/03/21 1:10,CADJPY,Buy,0.1,-,-,86.809,86.858,0,490,1h 4m,0.13%
10/03/21 0:06,10/03/21 1:10,AUDJPY,Buy,0.1,-,-,83.69,83.749,0,590,1h 3m,0.16%
09/03/21 0:07,09/03/21 1:10,USDJPY,Buy,0.1,-,-,108.889,108.943,0,540,1h 2m,0.15%
08/03/21 0:10,08/03/21 1:10,GBPJPY,Buy,0.1,-,-,149.808,150.13,0,3220,59m,0.90%
26/02/21 3:30,26/02/21 6:44,USDJPY,Sell,0.1,-,-,106.259,106.188,0,710,3h 14m,0.20%
26/02/21 3:35,26/02/21 6:15,CADJPY,Sell,0.1,-,-,84.202,84.129,0,730,2h 39m,0.20%
26/02/21 3:35,26/02/21 6:00,EURJPY,Sell,0.1,-,-,129.189,128.98,0,2090,2h 24m,0.59%
26/02/21 3:35,26/02/21 6:00,AUDJPY,Sell,0.1,-,-,83.475,83.317,0,1580,2h 25m,0.45%
25/02/21 3:00,25/02/21 6:00,USDJPY,Sell,0.1,-,-,106.027,105.971,0,560,3h 0m,0.16%
25/02/21 3:25,25/02/21 6:00,AUDJPY,Sell,0.1,-,-,84.5,84.388,0,1120,2h 35m,0.32%
25/02/21 3:00,25/02/21 6:00,GBPJPY,Sell,0.1,-,-,149.984,149.895,0,890,3h 0m,0.25%
25/02/21 3:00,25/02/21 6:00,CHFJPY,Sell,0.1,-,-,116.905,116.905,0,0,3h 0m,0.00%
25/02/21 3:00,25/02/21 6:00,EURJPY,Sell,0.1,-,-,128.956,128.961,0,-50,3h 0m,-0.01%
25/02/21 3:00,25/02/21 6:00,CADJPY,Sell,0.1,-,-,84.723,84.737,0,-140,2h 59m,-0.04%
24/02/21 3:00,24/02/21 7:15,USDJPY,Sell,0.1,-,-,105.413,105.481,0,-680,4h 15m,-0.19%
24/02/21 3:00,24/02/21 6:45,CADJPY,Sell,0.1,-,-,83.755,83.859,0,-1040,3h 45m,-0.30%
24/02/21 3:00,24/02/21 6:15,CHFJPY,Sell,0.1,-,-,116.394,116.404,0,-100,3h 15m,-0.03%
24/02/21 3:00,24/02/21 6:15,EURJPY,Sell,0.1,-,-,128.132,128.193,0,-610,3h 14m,-0.17%
24/02/21 3:25,24/02/21 6:00,AUDJPY,Sell,0.1,-,-,83.75,83.575,0,1750,2h 35m,0.50%
24/02/21 3:25,24/02/21 6:00,GBPJPY,Sell,0.1,-,-,149.803,149.395,0,4080,2h 34m,1.18%
24/02/21 3:00,24/02/21 3:23,AUDJPY,Sell,0.1,-,-,83.484,83.776,0,-2920,23m,-0.83%
24/02/21 3:10,24/02/21 3:22,GBPJPY,Sell,0.1,-,-,149.163,149.495,0,-3320,12m,-0.94%
24/02/21 3:00,24/02/21 3:06,GBPJPY,Sell,0.1,-,-,148.963,149.281,0,-3180,6m,-0.89%
23/02/21 3:25,23/02/21 9:00,EURJPY,Sell,0.1,-,-,127.755,127.912,0,-1570,5h 34m,-0.44%
23/02/21 3:15,23/02/21 8:55,CADJPY,Sell,0.1,-,-,83.275,83.429,0,-1540,5h 39m,-0.43%
23/02/21 3:30,23/02/21 8:25,GBPJPY,Sell,0.1,-,-,147.78,147.861,0,-810,4h 55m,-0.22%
23/02/21 3:30,23/02/21 7:05,CHFJPY,Sell,0.1,-,-,117.234,117.249,0,-150,3h 35m,-0.04%
23/02/21 3:25,23/02/21 6:00,AUDJPY,Sell,0.1,-,-,83.143,83.127,0,160,2h 35m,0.04%
18/02/21 0:06,18/02/21 1:10,EURJPY,Buy,0.1,-,-,127.472,127.493,0,210,1h 3m,0.06%
03/02/21 0:15,03/02/21 1:10,USDJPY,Buy,0.1,-,-,104.978,105.026,0,480,54m,0.13%
29/01/21 3:05,29/01/21 6:05,USDJPY,Sell,0.1,-,-,104.537,104.481,0,560,3h 0m,0.16%
29/01/21 3:05,29/01/21 6:00,CHFJPY,Sell,0.1,-,-,117.528,117.412,0,1160,2h 55m,0.32%
29/01/21 3:05,29/01/21 6:00,AUDJPY,Sell,0.1,-,-,80.171,79.863,0,3080,2h 55m,0.87%
29/01/21 3:05,29/01/21 6:00,CADJPY,Sell,0.1,-,-,81.46,81.204,0,2560,2h 55m,0.73%
29/01/21 3:05,29/01/21 6:00,EURJPY,Sell,0.1,-,-,126.58,126.397,0,1830,2h 54m,0.51%
29/01/21 3:05,29/01/21 6:00,GBPJPY,Sell,0.1,-,-,143.345,143.199,0,1460,2h 55m,0.42%
28/01/21 3:10,28/01/21 6:45,CHFJPY,Sell,0.1,-,-,117.234,117.27,0,-360,3h 34m,-0.10%
28/01/21 3:35,28/01/21 6:25,USDJPY,Sell,0.1,-,-,104.314,104.324,0,-100,2h 50m,-0.03%
28/01/21 3:10,28/01/21 6:20,GBPJPY,Sell,0.1,-,-,142.531,142.604,0,-730,3h 10m,-0.21%
28/01/21 3:40,28/01/21 6:05,EURJPY,Sell,0.1,-,-,126.177,126.17,0,70,2h 24m,0.02%
28/01/21 3:10,28/01/21 6:05,CADJPY,Sell,0.1,-,-,81.351,81.366,0,-150,2h 54m,-0.04%
28/01/21 3:20,28/01/21 6:00,AUDJPY,Sell,0.1,-,-,79.691,79.624,0,670,2h 40m,0.19%
27/01/21 3:00,27/01/21 6:30,USDJPY,Sell,0.1,-,-,103.661,103.715,0,-540,3h 29m,-0.15%
27/01/21 3:05,27/01/21 6:20,CHFJPY,Sell,0.1,-,-,116.919,116.944,0,-250,3h 14m,-0.07%
27/01/21 3:05,27/01/21 6:15,GBPJPY,Sell,0.1,-,-,142.465,142.403,0,620,3h 10m,0.18%
27/01/21 3:05,27/01/21 6:15,EURJPY,Sell,0.1,-,-,126.1,126.09,0,100,3h 10m,0.03%
27/01/21 3:00,27/01/21 6:10,AUDJPY,Sell,0.1,-,-,80.37,80.249,0,1210,3h 10m,0.35%
27/01/21 3:05,27/01/21 6:00,CADJPY,Sell,0.1,-,-,81.647,81.567,0,800,2h 54m,0.23%
26/01/21 3:55,26/01/21 6:00,AUDJPY,Sell,0.1,-,-,79.982,79.876,0,1060,2h 5m,0.31%
25/01/21 3:00,25/01/21 9:00,CADJPY,Sell,0.1,-,-,81.631,81.687,0,-560,5h 59m,-0.16%
25/01/21 3:00,25/01/21 7:30,CHFJPY,Sell,0.1,-,-,117.241,117.185,0,560,4h 29m,0.16%
25/01/21 3:20,25/01/21 6:15,GBPJPY,Sell,0.1,-,-,142.081,142.126,0,-450,2h 54m,-0.13%
25/01/21 3:00,25/01/21 6:00,USDJPY,Sell,0.1,-,-,103.809,103.763,0,460,2h 59m,0.13%
18/01/21 0:10,18/01/21 1:10,USDJPY,Buy,0.1,-,-,103.851,103.837,0,-140,59m,-0.04%
31/12/20 3:45,31/12/20 9:00,CADJPY,Sell,0.1,-,-,80.933,80.957,0,-240,5h 14m,-0.07%
31/12/20 3:20,31/12/20 8:55,AUDJPY,Sell,0.1,-,-,79.448,79.435,0,130,5h 35m,0.04%
31/12/20 3:05,31/12/20 6:00,EURJPY,Sell,0.1,-,-,126.955,126.823,0,1320,2h 54m,0.38%
31/12/20 0:07,31/12/20 1:10,USDJPY,Buy,0.1,-,-,103.197,103.2,0,30,1h 3m,0.01%
31/12/20 0:15,31/12/20 1:10,GBPJPY,Buy,0.1,-,-,140.522,140.606,0,840,55m,0.24%
31/12/20 0:10,31/12/20 1:10,EURJPY,Buy,0.1,-,-,126.894,126.934,0,400,59m,0.12%
30/12/20 3:10,30/12/20 8:30,CHFJPY,Sell,0.1,-,-,117.186,117.129,0,570,5h 19m,0.17%
30/12/20 3:15,30/12/20 7:04,AUDJPY,Sell,0.1,-,-,78.884,79.163,0,-2790,3h 49m,-0.81%
30/12/20 3:10,30/12/20 6:45,GBPJPY,Sell,0.1,-,-,139.888,139.89,0,-20,3h 34m,-0.01%
30/12/20 3:10,30/12/20 6:00,EURJPY,Sell,0.1,-,-,127.027,126.945,0,820,2h 49m,0.24%
29/12/20 3:00,29/12/20 7:05,CHFJPY,Sell,0.1,-,-,116.899,116.903,0,-40,4h 5m,-0.01%
29/12/20 3:20,29/12/20 7:05,GBPJPY,Sell,0.1,-,-,139.882,139.853,0,290,3h 45m,0.08%
29/12/20 3:00,29/12/20 6:05,AUDJPY,Sell,0.1,-,-,78.794,78.746,0,480,3h 5m,0.14%
29/12/20 3:00,29/12/20 6:05,CADJPY,Sell,0.1,-,-,80.821,80.825,0,-40,3h 4m,-0.01%
29/12/20 3:00,29/12/20 6:00,USDJPY,Sell,0.1,-,-,103.786,103.652,0,1340,3h 0m,0.39%
28/12/20 3:00,28/12/20 6:10,USDJPY,Sell,0.1,-,-,103.582,103.56,0,220,3h 9m,0.06%
28/12/20 3:15,28/12/20 6:05,AUDJPY,Sell,0.1,-,-,78.73,78.811,0,-810,2h 50m,-0.24%
28/12/20 3:00,28/12/20 6:05,CHFJPY,Sell,0.1,-,-,116.355,116.367,0,-120,3h 5m,-0.03%
28/12/20 3:00,28/12/20 6:05,EURJPY,Sell,0.1,-,-,126.301,126.451,0,-1500,3h 4m,-0.43%
28/12/20 3:00,28/12/20 6:00,CADJPY,Sell,0.1,-,-,80.607,80.591,0,160,3h 0m,0.05%
28/12/20 3:10,28/12/20 5:04,GBPJPY,Sell,0.1,-,-,140.255,140.573,0,-3180,1h 54m,-0.91%
24/12/20 3:00,24/12/20 6:05,CHFJPY,Sell,0.1,-,-,116.732,116.673,0,590,3h 5m,0.17%
24/12/20 3:15,24/12/20 6:05,AUDJPY,Sell,0.1,-,-,78.566,78.568,0,-20,2h 49m,-0.01%
24/12/20 3:05,24/12/20 6:00,USDJPY,Sell,0.1,-,-,103.589,103.532,0,570,2h 55m,0.16%
24/12/20 3:15,24/12/20 6:00,CADJPY,Sell,0.1,-,-,80.638,80.613,0,250,2h 45m,0.07%
24/12/20 3:00,24/12/20 6:00,EURJPY,Sell,0.1,-,-,126.393,126.41,0,-170,2h 59m,-0.05%
24/12/20 3:00,24/12/20 4:33,GBPJPY,Sell,0.1,-,-,140.138,140.426,0,-2880,1h 33m,-0.82%
24/12/20 0:08,24/12/20 1:10,AUDJPY,Buy,0.1,-,-,78.442,78.437,0,-50,1h 1m,-0.01%
23/12/20 3:40,23/12/20 7:20,AUDJPY,Sell,0.1,-,-,78.106,78.109,0,-30,3h 39m,-0.01%
23/12/20 3:40,23/12/20 7:05,EURJPY,Sell,0.1,-,-,126.103,126.086,0,170,3h 25m,0.05%
23/12/20 3:45,23/12/20 6:45,GBPJPY,Sell,0.1,-,-,138.652,138.68,0,-280,3h 0m,-0.08%
23/12/20 3:20,23/12/20 6:35,CADJPY,Sell,0.1,-,-,80.292,80.28,0,120,3h 15m,0.03%
23/12/20 3:40,23/12/20 6:25,CHFJPY,Sell,0.1,-,-,116.531,116.56,0,-290,2h 45m,-0.08%
23/12/20 3:00,23/12/20 6:00,USDJPY,Sell,0.1,-,-,103.592,103.501,0,910,3h 0m,0.26%
21/12/20 0:15,21/12/20 1:10,EURJPY,Buy,0.1,-,-,126.433,126.467,0,340,55m,0.10%
21/12/20 0:10,21/12/20 1:10,AUDJPY,Buy,0.1,-,-,78.633,78.548,0,-850,59m,-0.24%
21/12/20 0:10,21/12/20 1:10,GBPJPY,Buy,0.1,-,-,139.071,138.895,0,-1760,1h 0m,-0.50%
14/12/20 0:05,14/12/20 1:10,USDJPY,Buy,0.1,-,-,103.968,103.98,0,120,1h 4m,0.03%
10/12/20 0:20,10/12/20 1:10,GBPJPY,Buy,0.1,-,-,139.435,139.347,0,-880,50m,-0.25%
01/12/20 0:08,01/12/20 1:10,EURJPY,Buy,0.1,-,-,124.448,124.502,0,540,1h 1m,0.15%
26/11/20 3:55,26/11/20 9:00,CHFJPY,Sell,0.1,-,-,114.981,115.044,0,-630,5h 5m,-0.18%
26/11/20 3:55,26/11/20 7:05,USDJPY,Sell,0.1,-,-,104.342,104.294,0,480,3h 9m,0.14%
26/11/20 3:50,26/11/20 6:10,EURJPY,Sell,0.1,-,-,124.449,124.388,0,610,2h 20m,0.17%
26/11/20 3:40,26/11/20 6:00,GBPJPY,Sell,0.1,-,-,139.745,139.649,0,960,2h 20m,0.27%
26/11/20 3:30,26/11/20 6:00,AUDJPY,Sell,0.1,-,-,76.878,76.829,0,490,2h 30m,0.14%
26/11/20 3:30,26/11/20 6:00,CADJPY,Sell,0.1,-,-,80.259,80.253,0,60,2h 29m,0.02%
25/11/20 3:15,25/11/20 6:05,EURJPY,Sell,0.1,-,-,124.356,124.417,0,-610,2h 49m,-0.17%
25/11/20 3:50,25/11/20 6:00,CHFJPY,Sell,0.1,-,-,114.74,114.739,0,10,2h 10m,0.00%
25/11/20 3:55,25/11/20 6:00,CADJPY,Sell,0.1,-,-,80.434,80.392,0,420,2h 4m,0.12%
25/11/20 3:55,25/11/20 6:00,GBPJPY,Sell,0.1,-,-,139.634,139.612,0,220,2h 5m,0.06%
25/11/20 3:25,25/11/20 6:00,USDJPY,Sell,0.1,-,-,104.511,104.498,0,130,2h 34m,0.04%
24/11/20 3:05,24/11/20 7:20,CHFJPY,Sell,0.1,-,-,114.637,114.545,0,920,4h 15m,0.26%
24/11/20 3:05,24/11/20 7:15,CADJPY,Sell,0.1,-,-,80.093,80.105,0,-120,4h 10m,-0.03%
24/11/20 3:05,24/11/20 6:40,EURJPY,Sell,0.1,-,-,123.882,123.846,0,360,3h 35m,0.10%
24/11/20 3:05,24/11/20 6:40,GBPJPY,Sell,0.1,-,-,139.457,139.357,0,1000,3h 34m,0.29%
24/11/20 3:05,24/11/20 6:35,AUDJPY,Sell,0.1,-,-,76.47,76.461,0,90,3h 30m,0.03%
23/11/20 3:55,23/11/20 6:00,CADJPY,Sell,0.1,-,-,79.38,79.362,0,180,2h 5m,0.05%
23/11/20 3:15,23/11/20 6:00,AUDJPY,Sell,0.1,-,-,76,75.912,0,880,2h 45m,0.25%
23/11/20 3:15,23/11/20 6:00,GBPJPY,Sell,0.1,-,-,138.204,138.19,0,140,2h 45m,0.04%
20/11/20 0:08,20/11/20 1:10,CADJPY,Buy,0.1,-,-,79.389,79.35,0,-390,1h 1m,-0.11%
20/11/20 0:07,20/11/20 1:10,AUDJPY,Buy,0.1,-,-,75.593,75.476,0,-1170,1h 2m,-0.34%
19/11/20 0:10,19/11/20 1:10,CHFJPY,Buy,0.1,-,-,113.884,113.909,0,250,1h 0m,0.07%
10/11/20 0:40,10/11/20 1:10,USDJPY,Buy,0.1,-,-,105.304,105.283,0,-210,30m,-0.06%
10/11/20 0:35,10/11/20 1:10,AUDJPY,Buy,0.1,-,-,76.619,76.587,0,-320,34m,-0.09%
10/11/20 0:40,10/11/20 1:10,EURJPY,Buy,0.1,-,-,124.393,124.403,0,100,29m,0.03%
09/11/20 0:25,09/11/20 1:10,USDJPY,Buy,0.1,-,-,103.279,103.232,0,-470,44m,-0.13%
05/11/20 0:55,05/11/20 1:10,AUDJPY,Buy,0.1,-,-,74.914,74.873,0,-410,15m,-0.12%
05/11/20 0:45,05/11/20 1:10,GBPJPY,Buy,0.1,-,-,135.636,135.271,0,-3650,24m,-1.03%
02/11/20 0:10,02/11/20 1:10,USDJPY,Buy,0.05,-,-,104.593,104.655,0,310,1h 0m,0.09%
02/11/20 0:10,02/11/20 1:10,AUDJPY,Buy,0.05,-,-,73.491,73.485,0,-30,1h 0m,-0.01%
02/11/20 0:10,02/11/20 1:10,GBPJPY,Buy,0.05,-,-,135.232,135.394,0,810,1h 0m,0.23%
30/10/20 3:50,30/10/20 7:10,CHFJPY,Sell,0.05,-,-,114.227,114.229,0,-10,3h 20m,0.00%
30/10/20 4:50,30/10/20 7:00,CADJPY,Sell,0.05,-,-,78.546,78.513,0,165,2h 10m,0.05%
30/10/20 3:55,30/10/20 7:00,EURJPY,Sell,0.04,-,-,122.101,122.065,0,144,3h 4m,0.04%
30/10/20 4:35,30/10/20 7:00,AUDJPY,Sell,0.05,-,-,73.62,73.617,0,15,2h 25m,0.00%
30/10/20 3:15,30/10/20 6:40,CADJPY,Sell,0.05,-,-,78.537,78.527,0,50,3h 25m,0.01%
30/10/20 3:55,30/10/20 6:40,AUDJPY,Sell,0.05,-,-,73.562,73.622,0,-300,2h 44m,-0.09%
30/10/20 3:40,30/10/20 6:00,USDJPY,Sell,0.05,-,-,104.577,104.462,0,575,2h 19m,0.16%
30/10/20 1:10,30/10/20 2:10,AUDJPY,Buy,0.05,-,-,73.494,73.579,0,425,1h 0m,0.12%
30/10/20 1:30,30/10/20 2:10,EURJPY,Buy,0.05,-,-,122.081,122.109,0,140,39m,0.04%
29/10/20 4:00,29/10/20 8:10,CADJPY,Sell,0.05,-,-,78.421,78.554,0,-665,4h 9m,-0.19%
29/10/20 3:00,29/10/20 8:10,CADJPY,Sell,0.05,-,-,78.357,78.554,0,-985,5h 10m,-0.28%
29/10/20 4:45,29/10/20 7:45,AUDJPY,Sell,0.05,-,-,73.736,73.757,0,-105,2h 59m,-0.03%
29/10/20 4:00,29/10/20 7:35,EURJPY,Sell,0.03,-,-,122.697,122.743,0,-138,3h 35m,-0.04%
29/10/20 4:00,29/10/20 7:25,USDJPY,Sell,0.05,-,-,104.406,104.45,0,-220,3h 25m,-0.06%
29/10/20 3:05,29/10/20 7:25,USDJPY,Sell,0.05,-,-,104.345,104.45,0,-525,4h 19m,-0.15%
29/10/20 4:00,29/10/20 7:08,CHFJPY,Sell,0.05,-,-,114.673,114.888,0,-1075,3h 8m,-0.30%
29/10/20 3:05,29/10/20 7:08,CHFJPY,Sell,0.05,-,-,114.581,114.886,0,-1525,4h 3m,-0.43%
29/10/20 4:00,29/10/20 7:00,GBPJPY,Sell,0.05,-,-,135.632,135.861,0,-1145,3h 0m,-0.32%
29/10/20 3:00,29/10/20 6:00,AUDJPY,Sell,0.05,-,-,73.589,73.72,0,-655,3h 0m,-0.18%
29/10/20 3:05,29/10/20 4:58,EURJPY,Sell,0.05,-,-,122.579,122.885,0,-1530,1h 53m,-0.43%
29/10/20 3:00,29/10/20 4:58,GBPJPY,Sell,0.05,-,-,135.486,135.81,0,-1620,1h 58m,-0.45%
28/10/20 4:20,28/10/20 10:00,AUDJPY,Sell,0.05,-,-,74.466,74.526,0,-300,5h 39m,-0.08%
28/10/20 4:20,28/10/20 7:00,GBPJPY,Sell,0.05,-,-,136.174,135.954,0,1100,2h 40m,0.31%
28/10/20 4:20,28/10/20 7:00,EURJPY,Sell,0.03,-,-,123.132,122.837,0,885,2h 39m,0.25%
28/10/20 4:20,28/10/20 7:00,CHFJPY,Sell,0.05,-,-,114.934,114.769,0,825,2h 40m,0.23%
28/10/20 4:20,28/10/20 7:00,CADJPY,Sell,0.05,-,-,79.209,79.071,0,690,2h 39m,0.19%
28/10/20 3:00,28/10/20 6:05,USDJPY,Sell,0.05,-,-,104.543,104.289,0,1270,3h 5m,0.36%
28/10/20 3:00,28/10/20 6:00,EURJPY,Sell,0.05,-,-,123.171,122.862,0,1545,3h 0m,0.44%
28/10/20 3:00,28/10/20 6:00,GBPJPY,Sell,0.05,-,-,136.228,135.972,0,1280,3h 0m,0.36%
28/10/20 3:00,28/10/20 6:00,CHFJPY,Sell,0.05,-,-,115.013,114.763,0,1250,3h 0m,0.35%
28/10/20 3:00,28/10/20 6:00,CADJPY,Sell,0.05,-,-,79.24,79.085,0,775,2h 59m,0.22%
28/10/20 3:00,28/10/20 6:00,AUDJPY,Sell,0.05,-,-,74.462,74.403,0,295,3h 0m,0.08%
28/10/20 1:20,28/10/20 2:10,EURJPY,Buy,0.05,-,-,123.011,123.097,0,430,49m,0.12%
28/10/20 1:35,28/10/20 2:10,GBPJPY,Buy,0.05,-,-,136.151,136.131,0,-100,34m,-0.03%
28/10/20 0:05,28/10/20 1:10,AUDJPY,Buy,0.05,-,-,74.422,74.396,0,-130,1h 4m,-0.04%
28/10/20 0:10,28/10/20 1:10,USDJPY,Buy,0.05,-,-,104.426,104.48,0,270,1h 0m,0.08%
28/10/20 0:05,28/10/20 1:10,CHFJPY,Buy,0.05,-,-,114.964,114.886,0,-390,1h 4m,-0.11%
28/10/20 0:05,28/10/20 1:10,GBPJPY,Buy,0.05,-,-,136.241,136.268,0,135,1h 4m,0.04%
28/10/20 0:05,28/10/20 1:10,EURJPY,Buy,0.05,-,-,123.182,123.09,0,-460,1h 4m,-0.13%
27/10/20 4:00,27/10/20 10:00,EURJPY,Sell,0.04,-,-,123.888,123.967,0,-316,5h 59m,-0.09%
27/10/20 4:00,27/10/20 9:45,CADJPY,Sell,0.05,-,-,79.431,79.468,0,-185,5h 45m,-0.05%
27/10/20 4:00,27/10/20 9:25,CHFJPY,Sell,0.05,-,-,115.528,115.52,0,40,5h 25m,0.01%
27/10/20 4:00,27/10/20 9:10,GBPJPY,Sell,0.05,-,-,136.51,136.516,0,-30,5h 10m,-0.01%
27/10/20 3:15,27/10/20 6:15,AUDJPY,Sell,0.05,-,-,74.723,74.672,0,255,3h 0m,0.07%
27/10/20 3:25,27/10/20 6:10,CADJPY,Sell,0.05,-,-,79.399,79.404,0,-25,2h 45m,-0.01%
27/10/20 3:35,27/10/20 6:05,GBPJPY,Sell,0.05,-,-,136.519,136.495,0,120,2h 30m,0.03%
27/10/20 3:35,27/10/20 6:00,EURJPY,Sell,0.04,-,-,123.847,123.8,0,188,2h 25m,0.05%
27/10/20 3:30,27/10/20 6:00,CHFJPY,Sell,0.05,-,-,115.468,115.482,0,-70,2h 30m,-0.02%
26/10/20 4:15,26/10/20 9:00,CHFJPY,Sell,0.05,-,-,115.786,115.891,0,-525,4h 44m,-0.15%
26/10/20 3:05,26/10/20 9:00,CHFJPY,Sell,0.05,-,-,115.764,115.891,0,-635,5h 55m,-0.18%
26/10/20 4:15,26/10/20 9:00,USDJPY,Sell,0.05,-,-,104.719,104.89,0,-855,4h 44m,-0.24%
26/10/20 4:15,26/10/20 8:45,CADJPY,Sell,0.05,-,-,79.688,79.694,0,-30,4h 30m,-0.01%
26/10/20 3:05,26/10/20 8:45,CADJPY,Sell,0.05,-,-,79.657,79.694,0,-185,5h 40m,-0.05%
26/10/20 4:15,26/10/20 7:00,AUDJPY,Sell,0.05,-,-,74.722,74.604,0,590,2h 45m,0.17%
26/10/20 4:15,26/10/20 7:00,GBPJPY,Sell,0.05,-,-,136.703,136.608,0,475,2h 45m,0.13%
26/10/20 4:15,26/10/20 7:00,EURJPY,Sell,0.04,-,-,124.082,124.102,0,-80,2h 44m,-0.02%
26/10/20 3:05,26/10/20 6:10,EURJPY,Sell,0.05,-,-,124.079,124.093,0,-70,3h 4m,-0.02%
26/10/20 3:00,26/10/20 6:00,GBPJPY,Sell,0.05,-,-,136.653,136.617,0,180,3h 0m,0.05%
26/10/20 3:00,26/10/20 6:00,AUDJPY,Sell,0.05,-,-,74.657,74.635,0,110,3h 0m,0.03%
26/10/20 1:15,26/10/20 2:10,AUDJPY,Buy,0.05,-,-,74.679,74.594,0,-425,55m,-0.12%
26/10/20 1:20,26/10/20 2:10,EURJPY,Buy,0.05,-,-,123.997,124.045,0,240,49m,0.07%
26/10/20 1:25,26/10/20 2:10,CADJPY,Buy,0.05,-,-,79.603,79.603,0,0,44m,0.00%
23/10/20 4:20,23/10/20 7:00,AUDJPY,Sell,0.05,-,-,74.636,74.502,0,670,2h 40m,0.19%
23/10/20 4:30,23/10/20 7:00,EURJPY,Sell,0.05,-,-,123.631,123.579,0,260,2h 29m,0.07%
23/10/20 4:15,23/10/20 7:00,CHFJPY,Sell,0.05,-,-,115.392,115.4,0,-40,2h 44m,-0.01%
23/10/20 0:06,23/10/20 1:10,EURJPY,Buy,0.05,-,-,123.936,123.958,0,110,1h 3m,0.03%
19/10/20 1:15,19/10/20 2:10,USDJPY,Buy,0.05,-,-,105.343,105.416,0,365,55m,0.10%
19/10/20 1:15,19/10/20 2:10,EURJPY,Buy,0.05,-,-,123.405,123.468,0,315,54m,0.09%
16/10/20 1:20,16/10/20 2:10,GBPJPY,Buy,0.05,-,-,135.983,135.951,0,-160,50m,-0.05%
16/10/20 1:40,16/10/20 2:10,USDJPY,Buy,0.05,-,-,105.394,105.374,0,-100,30m,-0.03%
16/10/20 1:35,16/10/20 2:10,AUDJPY,Buy,0.05,-,-,74.75,74.688,0,-310,35m,-0.09%
16/10/20 1:40,16/10/20 2:10,EURJPY,Buy,0.05,-,-,123.375,123.353,0,-110,30m,-0.03%
15/10/20 1:45,15/10/20 2:10,EURJPY,Buy,0.05,-,-,123.483,123.516,0,165,25m,0.05%
15/10/20 1:30,15/10/20 2:10,AUDJPY,Buy,0.05,-,-,75.216,75.071,0,-725,40m,-0.21%
14/10/20 1:05,14/10/20 2:10,EURJPY,Buy,0.05,-,-,123.87,123.874,0,20,1h 4m,0.01%
12/10/20 1:10,12/10/20 2:10,EURJPY,Buy,0.05,-,-,124.89,124.832,0,-290,1h 0m,-0.08%
12/10/20 1:05,12/10/20 2:10,USDJPY,Buy,0.05,-,-,105.692,105.627,0,-325,1h 5m,-0.09%
12/10/20 1:55,12/10/20 2:10,GBPJPY,Buy,0.05,-,-,137.687,137.672,0,-75,15m,-0.02%
12/10/20 1:45,12/10/20 2:10,AUDJPY,Buy,0.05,-,-,76.384,76.362,0,-110,25m,-0.03%
12/10/20 1:55,12/10/20 2:10,CADJPY,Buy,0.05,-,-,80.463,80.45,0,-65,14m,-0.02%
08/10/20 1:20,08/10/20 2:10,USDJPY,Buy,0.05,-,-,105.945,105.978,0,165,50m,0.05%
07/10/20 0:06,07/10/20 1:10,GBPJPY,Buy,0.05,-,-,135.996,135.982,0,-70,1h 3m,-0.02%
07/10/20 0:06,07/10/20 1:10,EURJPY,Buy,0.05,-,-,123.948,123.899,0,-245,1h 3m,-0.07%
05/10/20 0:05,05/10/20 1:10,USDJPY,Buy,0.05,-,-,105.31,105.459,0,745,1h 4m,0.21%
02/10/20 0:06,02/10/20 1:10,CHFJPY,Buy,0.05,-,-,114.869,114.856,0,-65,1h 3m,-0.02%
01/10/20 1:15,01/10/20 2:10,USDJPY,Buy,0.05,-,-,105.425,105.432,0,35,55m,0.01%
30/09/20 4:00,30/09/20 7:00,CHFJPY,Sell,0.05,-,-,114.969,114.629,0,1700,3h 0m,0.48%
30/09/20 4:20,30/09/20 7:00,CADJPY,Sell,0.05,-,-,79.009,78.772,0,1185,2h 40m,0.34%
30/09/20 4:00,30/09/20 7:00,USDJPY,Sell,0.05,-,-,105.79,105.61,0,900,2h 59m,0.26%
30/09/20 4:20,30/09/20 7:00,EURJPY,Sell,0.02,-,-,124.187,123.875,0,624,2h 39m,0.18%
30/09/20 3:00,30/09/20 6:00,AUDJPY,Sell,0.05,-,-,75.506,75.29,0,1080,3h 0m,0.31%
30/09/20 3:05,30/09/20 6:00,GBPJPY,Sell,0.05,-,-,135.962,135.78,0,910,2h 55m,0.26%
30/09/20 3:05,30/09/20 6:00,CHFJPY,Sell,0.05,-,-,114.965,114.787,0,890,2h 55m,0.26%
30/09/20 3:00,30/09/20 6:00,CADJPY,Sell,0.05,-,-,78.95,78.866,0,420,3h 0m,0.12%
30/09/20 3:00,30/09/20 6:00,USDJPY,Sell,0.05,-,-,105.676,105.631,0,225,3h 0m,0.07%
30/09/20 3:05,30/09/20 6:00,EURJPY,Sell,0.04,-,-,124.15,124.075,0,300,2h 54m,0.09%
29/09/20 3:20,29/09/20 9:00,EURJPY,Sell,0.05,-,-,123.144,123.223,0,-395,5h 39m,-0.11%
29/09/20 3:30,29/09/20 9:00,CHFJPY,Sell,0.05,-,-,114.147,114.227,0,-400,5h 29m,-0.12%
29/09/20 3:00,29/09/20 8:35,AUDJPY,Sell,0.05,-,-,74.794,74.733,0,305,5h 35m,0.09%
29/09/20 4:10,29/09/20 7:05,USDJPY,Sell,0.05,-,-,105.444,105.486,0,-210,2h 54m,-0.06%
29/09/20 3:00,29/09/20 6:00,GBPJPY,Sell,0.05,-,-,135.726,135.521,0,1025,2h 59m,0.30%
28/09/20 4:35,28/09/20 8:40,AUDJPY,Sell,0.05,-,-,74.343,74.297,0,230,4h 5m,0.07%
28/09/20 4:35,28/09/20 7:50,CADJPY,Sell,0.05,-,-,78.772,78.725,0,235,3h 14m,0.07%
28/09/20 4:40,28/09/20 7:45,GBPJPY,Sell,0.05,-,-,134.614,134.512,0,510,3h 4m,0.15%
28/09/20 4:45,28/09/20 7:10,CHFJPY,Sell,0.05,-,-,113.535,113.444,0,455,2h 25m,0.13%
28/09/20 4:35,28/09/20 7:00,USDJPY,Sell,0.05,-,-,105.453,105.355,0,490,2h 25m,0.14%
28/09/20 4:45,28/09/20 7:00,EURJPY,Sell,0.02,-,-,122.631,122.589,0,84,2h 14m,0.02%
28/09/20 3:00,28/09/20 6:00,CHFJPY,Sell,0.05,-,-,113.719,113.425,0,1470,3h 0m,0.43%
28/09/20 3:00,28/09/20 6:00,USDJPY,Sell,0.05,-,-,105.581,105.332,0,1245,3h 0m,0.37%
28/09/20 3:00,28/09/20 6:00,EURJPY,Sell,0.05,-,-,122.837,122.554,0,1415,2h 59m,0.42%
28/09/20 3:00,28/09/20 6:00,GBPJPY,Sell,0.05,-,-,134.758,134.488,0,1350,3h 0m,0.40%
28/09/20 3:25,28/09/20 5:12,AUDJPY,Sell,0.05,-,-,74.352,74.436,0,-420,1h 47m,-0.12%
28/09/20 1:25,28/09/20 2:10,USDJPY,Buy,0.05,-,-,105.572,105.577,0,25,44m,0.01%
28/09/20 1:45,28/09/20 2:10,GBPJPY,Buy,0.05,-,-,134.716,134.682,0,-170,25m,-0.05%
25/09/20 4:00,25/09/20 7:00,USDJPY,Sell,0.05,-,-,105.509,105.419,0,450,3h 0m,0.13%
25/09/20 4:25,25/09/20 7:00,AUDJPY,Sell,0.05,-,-,74.427,74.422,0,25,2h 35m,0.01%
25/09/20 4:55,25/09/20 7:00,CHFJPY,Sell,0.05,-,-,113.822,113.723,0,495,2h 4m,0.15%
25/09/20 3:10,25/09/20 6:50,AUDJPY,Sell,0.05,-,-,74.411,74.43,0,-95,3h 40m,-0.03%
25/09/20 3:45,25/09/20 6:40,CHFJPY,Sell,0.05,-,-,113.795,113.783,0,60,2h 55m,0.02%
25/09/20 3:20,25/09/20 6:00,EURJPY,Sell,0.04,-,-,123.109,123.041,0,272,2h 39m,0.08%
25/09/20 3:05,25/09/20 6:00,USDJPY,Sell,0.05,-,-,105.484,105.463,0,105,2h 55m,0.03%
25/09/20 3:10,25/09/20 6:00,CADJPY,Sell,0.05,-,-,78.996,78.982,0,70,2h 49m,0.02%
25/09/20 3:05,25/09/20 6:00,GBPJPY,Sell,0.05,-,-,134.508,134.512,0,-20,2h 55m,-0.01%
24/09/20 4:55,24/09/20 8:15,USDJPY,Sell,0.05,-,-,105.427,105.42,0,35,3h 19m,0.01%
24/09/20 4:25,24/09/20 7:00,EURJPY,Sell,0.03,-,-,123.068,122.905,0,489,2h 35m,0.15%
24/09/20 4:25,24/09/20 7:00,AUDJPY,Sell,0.05,-,-,74.579,74.33,0,1245,2h 34m,0.38%
24/09/20 4:30,24/09/20 7:00,GBPJPY,Sell,0.05,-,-,134.243,134.059,0,920,2h 29m,0.28%
24/09/20 4:30,24/09/20 7:00,CHFJPY,Sell,0.05,-,-,114.346,114.23,0,580,2h 29m,0.17%
24/09/20 4:35,24/09/20 7:00,CADJPY,Sell,0.05,-,-,78.803,78.693,0,550,2h 25m,0.16%
24/09/20 3:15,24/09/20 6:05,USDJPY,Sell,0.05,-,-,105.406,105.41,0,-20,2h 50m,-0.01%
24/09/20 3:15,24/09/20 6:00,AUDJPY,Sell,0.05,-,-,74.535,74.366,0,845,2h 45m,0.26%
24/09/20 3:20,24/09/20 6:00,CHFJPY,Sell,0.05,-,-,114.317,114.227,0,450,2h 40m,0.14%
24/09/20 3:15,24/09/20 6:00,CADJPY,Sell,0.05,-,-,78.765,78.726,0,195,2h 45m,0.06%
24/09/20 3:15,24/09/20 6:00,GBPJPY,Sell,0.05,-,-,134.101,134.073,0,140,2h 45m,0.04%
24/09/20 3:10,24/09/20 6:00,EURJPY,Sell,0.05,-,-,122.88,122.935,0,-275,2h 49m,-0.08%
24/09/20 3:05,24/09/20 3:16,CHFJPY,Sell,0.05,-,-,114.043,114.358,0,-1575,11m,-0.47%
23/09/20 4:50,23/09/20 7:05,CHFJPY,Sell,0.05,-,-,114.229,114.103,0,630,2h 14m,0.19%
23/09/20 4:50,23/09/20 7:00,GBPJPY,Sell,0.05,-,-,133.902,133.742,0,800,2h 9m,0.24%
23/09/20 4:50,23/09/20 7:00,AUDJPY,Sell,0.05,-,-,75.09,74.931,0,795,2h 10m,0.24%
23/09/20 4:25,23/09/20 7:00,CADJPY,Sell,0.05,-,-,79.02,78.907,0,565,2h 34m,0.17%
23/09/20 4:50,23/09/20 7:00,EURJPY,Sell,0.02,-,-,122.956,122.784,0,344,2h 9m,0.10%
23/09/20 4:15,23/09/20 7:00,USDJPY,Sell,0.05,-,-,105.16,105.108,0,260,2h 45m,0.08%
23/09/20 3:00,23/09/20 6:00,EURJPY,Sell,0.05,-,-,122.987,122.749,0,1190,3h 0m,0.36%
23/09/20 3:00,23/09/20 6:00,CADJPY,Sell,0.05,-,-,78.997,78.891,0,530,3h 0m,0.16%
23/09/20 3:00,23/09/20 6:00,USDJPY,Sell,0.05,-,-,105.053,105.085,0,-160,3h 0m,-0.05%
23/09/20 3:00,23/09/20 6:00,AUDJPY,Sell,0.05,-,-,75.35,74.926,0,2120,3h 0m,0.65%
23/09/20 3:00,23/09/20 6:00,GBPJPY,Sell,0.05,-,-,133.867,133.689,0,890,2h 59m,0.27%
23/09/20 3:00,23/09/20 6:00,CHFJPY,Sell,0.05,-,-,114.177,114.08,0,485,3h 0m,0.15%
22/09/20 1:30,22/09/20 2:10,EURJPY,Buy,0.05,-,-,123.155,123.192,0,185,40m,0.06%
21/09/20 1:10,21/09/20 2:10,USDJPY,Buy,0.05,-,-,104.435,104.499,0,320,1h 0m,0.10%
21/09/20 1:10,21/09/20 2:10,AUDJPY,Buy,0.05,-,-,76.117,76.198,0,405,1h 0m,0.13%
21/09/20 1:10,21/09/20 2:10,EURJPY,Buy,0.05,-,-,123.691,123.798,0,535,59m,0.17%
17/09/20 0:06,17/09/20 1:10,USDJPY,Buy,0.05,-,-,104.943,104.936,0,-35,1h 3m,-0.01%
14/09/20 0:10,14/09/20 1:10,GBPJPY,Buy,0.05,-,-,135.667,135.799,0,660,59m,0.21%
09/09/20 1:05,09/09/20 2:10,CADJPY,Buy,0.05,-,-,79.972,80.041,0,345,1h 5m,0.11%
09/09/20 1:05,09/09/20 2:10,GBPJPY,Buy,0.05,-,-,137.411,137.413,0,10,1h 5m,0.00%
09/09/20 1:00,09/09/20 2:10,AUDJPY,Buy,0.05,-,-,76.293,76.355,0,310,1h 10m,0.10%
09/09/20 1:05,09/09/20 2:10,EURJPY,Buy,0.04,-,-,124.698,124.698,0,0,1h 4m,0.00%
09/09/20 0:30,09/09/20 1:10,AUDJPY,Buy,0.05,-,-,76.405,76.205,0,-1000,40m,-0.31%
07/09/20 1:10,07/09/20 2:10,CADJPY,Buy,0.05,-,-,81.241,81.307,0,330,1h 0m,0.10%
07/09/20 1:05,07/09/20 2:10,EURJPY,Buy,0.04,-,-,125.78,125.854,0,296,1h 5m,0.09%
07/09/20 1:10,07/09/20 2:10,AUDJPY,Buy,0.05,-,-,77.321,77.434,0,565,1h 0m,0.18%
07/09/20 1:10,07/09/20 2:10,GBPJPY,Buy,0.05,-,-,140.738,140.848,0,550,1h 0m,0.17%
07/09/20 0:05,07/09/20 1:10,GBPJPY,Buy,0.05,-,-,140.976,140.721,0,-1275,1h 4m,-0.40%
04/09/20 1:25,04/09/20 2:10,AUDJPY,Buy,0.05,-,-,77.16,77.073,0,-435,45m,-0.14%
01/09/20 1:35,01/09/20 2:10,AUDJPY,Buy,0.05,-,-,78.065,78.123,0,290,35m,0.09%
01/09/20 1:25,01/09/20 2:10,EURJPY,Buy,0.05,-,-,126.383,126.417,0,170,45m,0.05%
01/09/20 1:25,01/09/20 2:10,GBPJPY,Buy,0.05,-,-,141.506,141.508,0,10,44m,0.00%
31/08/20 4:20,31/08/20 8:45,USDJPY,Sell,0.05,-,-,105.507,105.564,0,-285,4h 25m,-0.09%
31/08/20 4:25,31/08/20 8:15,EURJPY,Sell,0.04,-,-,125.602,125.668,0,-264,3h 50m,-0.08%
31/08/20 4:25,31/08/20 8:15,CADJPY,Sell,0.05,-,-,80.555,80.692,0,-685,3h 49m,-0.21%
31/08/20 4:40,31/08/20 8:10,GBPJPY,Sell,0.05,-,-,140.793,140.886,0,-465,3h 29m,-0.14%
31/08/20 4:50,31/08/20 7:20,AUDJPY,Sell,0.05,-,-,77.749,77.69,0,295,2h 30m,0.09%
31/08/20 3:00,31/08/20 6:50,EURJPY,Sell,0.05,-,-,125.756,125.622,0,670,3h 50m,0.21%
31/08/20 3:00,31/08/20 4:48,AUDJPY,Sell,0.05,-,-,77.775,77.74,0,175,1h 48m,0.05%
28/08/20 4:35,28/08/20 8:10,CADJPY,Sell,0.05,-,-,81.283,81.155,0,640,3h 35m,0.20%
28/08/20 4:30,28/08/20 7:25,USDJPY,Sell,0.05,-,-,106.717,106.833,0,-580,2h 54m,-0.18%
28/08/20 3:00,28/08/20 6:34,USDJPY,Sell,0.05,-,-,106.654,106.932,0,-1390,3h 34m,-0.43%
28/08/20 3:05,28/08/20 6:22,CADJPY,Sell,0.05,-,-,81.297,81.523,0,-1130,3h 17m,-0.35%
28/08/20 4:45,28/08/20 6:01,AUDJPY,Sell,0.05,-,-,77.512,77.82,0,-1540,1h 16m,-0.47%
28/08/20 4:20,28/08/20 6:01,CHFJPY,Sell,0.05,-,-,117.326,117.641,0,-1575,1h 41m,-0.48%
28/08/20 4:30,28/08/20 5:58,EURJPY,Sell,0.03,-,-,126.11,126.412,0,-906,1h 28m,-0.28%
28/08/20 3:00,28/08/20 5:24,CHFJPY,Sell,0.05,-,-,117.294,117.557,0,-1315,2h 24m,-0.40%
28/08/20 3:00,28/08/20 5:05,AUDJPY,Sell,0.05,-,-,77.518,77.694,0,-880,2h 5m,-0.27%
28/08/20 4:35,28/08/20 5:00,GBPJPY,Sell,0.05,-,-,140.822,141.139,0,-1585,25m,-0.48%
28/08/20 3:00,28/08/20 4:57,EURJPY,Sell,0.05,-,-,126.065,126.293,0,-1140,1h 57m,-0.34%
28/08/20 3:05,28/08/20 4:54,GBPJPY,Sell,0.05,-,-,140.793,141.018,0,-1125,1h 49m,-0.34%
28/08/20 0:07,28/08/20 1:10,USDJPY,Buy,0.05,-,-,106.543,106.537,0,-30,1h 3m,-0.01%
27/08/20 4:00,27/08/20 7:55,AUDJPY,Sell,0.05,-,-,76.712,76.68,0,160,3h 54m,0.05%
27/08/20 4:00,27/08/20 7:45,GBPJPY,Sell,0.05,-,-,139.968,139.955,0,65,3h 44m,0.02%
27/08/20 4:00,27/08/20 7:40,CADJPY,Sell,0.05,-,-,80.579,80.603,0,-120,3h 39m,-0.04%
27/08/20 4:00,27/08/20 7:40,CHFJPY,Sell,0.05,-,-,116.675,116.716,0,-205,3h 40m,-0.06%
27/08/20 3:50,27/08/20 7:40,CADJPY,Sell,0.05,-,-,80.556,80.603,0,-235,3h 49m,-0.07%
27/08/20 4:00,27/08/20 7:30,EURJPY,Sell,0.03,-,-,125.412,125.401,0,33,3h 30m,0.01%
27/08/20 4:00,27/08/20 7:00,USDJPY,Sell,0.05,-,-,105.926,105.987,0,-305,3h 0m,-0.09%
27/08/20 3:50,27/08/20 6:20,USDJPY,Sell,0.05,-,-,105.896,105.991,0,-475,2h 30m,-0.14%
27/08/20 3:50,27/08/20 6:15,CHFJPY,Sell,0.05,-,-,116.667,116.706,0,-195,2h 24m,-0.06%
27/08/20 3:55,27/08/20 6:00,GBPJPY,Sell,0.05,-,-,139.94,139.894,0,230,2h 5m,0.07%
27/08/20 3:00,27/08/20 6:00,AUDJPY,Sell,0.05,-,-,76.694,76.668,0,130,3h 0m,0.04%
27/08/20 3:50,27/08/20 6:00,EURJPY,Sell,0.05,-,-,125.349,125.383,0,-170,2h 9m,-0.05%
27/08/20 1:45,27/08/20 2:10,CADJPY,Buy,0.05,-,-,80.542,80.572,0,150,25m,0.04%
27/08/20 1:45,27/08/20 2:10,AUDJPY,Buy,0.05,-,-,76.61,76.677,0,335,25m,0.10%
27/08/20 1:30,27/08/20 2:10,EURJPY,Buy,0.05,-,-,125.324,125.355,0,155,40m,0.05%
27/08/20 1:45,27/08/20 2:10,GBPJPY,Buy,0.05,-,-,139.912,139.964,0,260,24m,0.08%
27/08/20 1:45,27/08/20 2:10,CHFJPY,Buy,0.05,-,-,116.611,116.652,0,205,24m,0.06%
27/08/20 1:15,27/08/20 2:10,USDJPY,Buy,0.05,-,-,105.944,105.896,0,-240,55m,-0.07%
26/08/20 4:50,26/08/20 7:00,CHFJPY,Sell,0.05,-,-,117.248,117.096,0,760,2h 10m,0.23%
26/08/20 4:40,26/08/20 7:00,AUDJPY,Sell,0.05,-,-,76.68,76.54,0,700,2h 19m,0.21%
26/08/20 4:50,26/08/20 7:00,EURJPY,Sell,0.03,-,-,126.022,125.807,0,645,2h 9m,0.19%
26/08/20 4:50,26/08/20 7:00,CADJPY,Sell,0.05,-,-,80.889,80.794,0,475,2h 10m,0.14%
26/08/20 4:50,26/08/20 7:00,USDJPY,Sell,0.05,-,-,106.492,106.448,0,220,2h 9m,0.07%
26/08/20 4:50,26/08/20 7:00,GBPJPY,Sell,0.05,-,-,140.025,139.812,0,1065,2h 9m,0.32%
26/08/20 3:00,26/08/20 6:25,USDJPY,Sell,0.05,-,-,106.393,106.447,0,-270,3h 25m,-0.08%
26/08/20 3:00,26/08/20 6:00,CHFJPY,Sell,0.05,-,-,117.156,117.168,0,-60,3h 0m,-0.02%
26/08/20 3:05,26/08/20 6:00,AUDJPY,Sell,0.05,-,-,76.665,76.584,0,405,2h 55m,0.12%
26/08/20 3:05,26/08/20 6:00,GBPJPY,Sell,0.05,-,-,140.014,139.879,0,675,2h 54m,0.20%
26/08/20 3:00,26/08/20 6:00,EURJPY,Sell,0.05,-,-,125.908,125.857,0,255,2h 59m,0.08%
26/08/20 3:05,26/08/20 6:00,CADJPY,Sell,0.05,-,-,80.874,80.827,0,235,2h 54m,0.07%
26/08/20 1:50,26/08/20 2:10,EURJPY,Buy,0.05,-,-,125.875,125.875,0,0,19m,0.00%
25/08/20 4:00,25/08/20 9:35,CHFJPY,Sell,0.05,-,-,116.337,116.302,0,175,5h 35m,0.05%
25/08/20 4:00,25/08/20 9:20,EURJPY,Sell,0.03,-,-,125.057,125.262,0,-615,5h 20m,-0.19%
25/08/20 3:00,25/08/20 9:00,EURJPY,Sell,0.05,-,-,125.01,125.189,0,-895,5h 59m,-0.27%
25/08/20 3:00,25/08/20 8:00,CADJPY,Sell,0.05,-,-,80.185,80.078,0,535,4h 59m,0.16%
25/08/20 4:00,25/08/20 8:00,AUDJPY,Sell,0.05,-,-,76.062,75.984,0,390,3h 59m,0.12%
25/08/20 4:00,25/08/20 6:38,GBPJPY,Sell,0.05,-,-,138.627,138.876,0,-1245,2h 38m,-0.38%
25/08/20 3:00,25/08/20 6:00,USDJPY,Sell,0.05,-,-,105.996,105.923,0,365,3h 0m,0.11%
25/08/20 3:00,25/08/20 6:00,CHFJPY,Sell,0.05,-,-,116.224,116.236,0,-60,3h 0m,-0.02%
25/08/20 3:00,25/08/20 6:00,AUDJPY,Sell,0.05,-,-,75.99,75.982,0,40,3h 0m,0.01%
25/08/20 3:00,25/08/20 5:01,GBPJPY,Sell,0.05,-,-,138.541,138.806,0,-1325,2h 1m,-0.40%
25/08/20 1:15,25/08/20 2:10,USDJPY,Buy,0.05,-,-,105.969,105.969,0,0,55m,0.00%
24/08/20 4:45,24/08/20 9:45,CHFJPY,Sell,0.05,-,-,115.971,116.017,0,-230,5h 0m,-0.07%
24/08/20 4:45,24/08/20 9:45,CADJPY,Sell,0.05,-,-,80.285,80.382,0,-485,4h 59m,-0.15%
24/08/20 3:05,24/08/20 8:55,USDJPY,Sell,0.05,-,-,105.909,105.849,0,300,5h 50m,0.09%
24/08/20 4:25,24/08/20 7:05,AUDJPY,Sell,0.05,-,-,75.835,75.846,0,-55,2h 39m,-0.02%
24/08/20 4:40,24/08/20 7:00,EURJPY,Sell,0.04,-,-,124.806,124.749,0,228,2h 20m,0.07%
24/08/20 0:05,24/08/20 1:10,USDJPY,Buy,0.05,-,-,105.799,105.811,0,60,1h 5m,0.02%
24/08/20 0:05,24/08/20 1:10,GBPJPY,Buy,0.05,-,-,138.466,138.584,0,590,1h 4m,0.18%
21/08/20 1:55,21/08/20 2:10,USDJPY,Buy,0.05,-,-,105.754,105.733,0,-105,15m,-0.03%
21/08/20 1:55,21/08/20 2:10,EURJPY,Buy,0.05,-,-,125.473,125.475,0,10,14m,0.00%
20/08/20 1:45,20/08/20 2:10,USDJPY,Buy,0.05,-,-,105.988,106.02,0,160,25m,0.05%
19/08/20 1:30,19/08/20 2:10,USDJPY,Buy,0.05,-,-,105.374,105.387,0,65,40m,0.02%
19/08/20 1:30,19/08/20 2:10,CADJPY,Buy,0.05,-,-,79.993,80.06,0,335,40m,0.10%
18/08/20 0:06,18/08/20 1:10,CADJPY,Buy,0.05,-,-,80.232,80.161,0,-355,1h 3m,-0.11%
12/08/20 1:10,12/08/20 2:10,USDJPY,Buy,0.05,-,-,106.491,106.495,0,20,1h 0m,0.01%
12/08/20 1:40,12/08/20 2:10,EURJPY,Buy,0.05,-,-,125.028,125.022,0,-30,29m,-0.01%
10/08/20 1:25,10/08/20 2:10,GBPJPY,Buy,0.05,-,-,138.187,138.191,0,20,45m,0.01%
10/08/20 1:25,10/08/20 2:10,AUDJPY,Buy,0.05,-,-,75.74,75.773,0,165,45m,0.05%
10/08/20 1:25,10/08/20 2:10,EURJPY,Buy,0.05,-,-,124.734,124.766,0,160,45m,0.05%
04/08/20 1:40,04/08/20 2:10,AUDJPY,Buy,0.05,-,-,75.455,75.443,0,-60,29m,-0.02%
03/08/20 1:20,03/08/20 2:10,USDJPY,Buy,0.05,-,-,105.729,105.793,0,320,49m,0.10%
03/08/20 0:10,03/08/20 1:10,AUDJPY,Buy,0.05,-,-,75.493,75.539,0,230,59m,0.07%
03/08/20 0:05,03/08/20 1:10,EURJPY,Buy,0.05,-,-,124.597,124.67,0,365,1h 4m,0.11%
03/08/20 0:05,03/08/20 1:10,GBPJPY,Buy,0.05,-,-,138.367,138.44,0,365,1h 4m,0.11%
03/08/20 0:10,03/08/20 1:10,USDJPY,Buy,0.05,-,-,105.816,105.836,0,100,59m,0.03%
31/07/20 3:00,31/07/20 6:00,AUDJPY,Sell,0.05,-,-,75.393,75.112,0,1405,3h 0m,0.43%
31/07/20 3:00,31/07/20 6:00,CHFJPY,Sell,0.05,-,-,115.202,114.975,0,1135,3h 0m,0.35%
31/07/20 3:00,31/07/20 6:00,GBPJPY,Sell,0.05,-,-,137.29,136.919,0,1855,2h 59m,0.57%
31/07/20 3:00,31/07/20 6:00,EURJPY,Sell,0.05,-,-,124.278,123.972,0,1530,2h 59m,0.47%
31/07/20 1:45,31/07/20 2:10,GBPJPY,Buy,0.05,-,-,137.116,137.199,0,415,24m,0.13%
31/07/20 1:45,31/07/20 2:10,USDJPY,Buy,0.05,-,-,104.743,104.754,0,55,25m,0.02%
30/07/20 3:40,30/07/20 7:10,CHFJPY,Sell,0.05,-,-,115.135,115.081,0,270,3h 30m,0.08%
30/07/20 4:00,30/07/20 7:05,AUDJPY,Sell,0.05,-,-,75.437,75.404,0,165,3h 5m,0.05%
30/07/20 3:35,30/07/20 7:05,AUDJPY,Sell,0.05,-,-,75.424,75.404,0,100,3h 30m,0.03%
30/07/20 3:20,30/07/20 7:05,GBPJPY,Sell,0.05,-,-,136.423,136.352,0,355,3h 45m,0.11%
30/07/20 4:50,30/07/20 7:05,GBPJPY,Sell,0.05,-,-,136.406,136.352,0,270,2h 15m,0.08%
30/07/20 3:20,30/07/20 7:00,CADJPY,Sell,0.05,-,-,78.745,78.733,0,60,3h 40m,0.02%
30/07/20 4:50,30/07/20 7:00,CADJPY,Sell,0.05,-,-,78.735,78.733,0,10,2h 9m,0.00%
30/07/20 3:40,30/07/20 6:50,EURJPY,Sell,0.04,-,-,123.784,123.702,0,328,3h 10m,0.10%
30/07/20 3:00,30/07/20 6:00,USDJPY,Sell,0.05,-,-,105.037,105.066,0,-145,3h 0m,-0.04%
30/07/20 0:06,30/07/20 1:10,USDJPY,Buy,0.05,-,-,104.926,104.943,0,85,1h 3m,0.03%
29/07/20 4:05,29/07/20 9:40,CHFJPY,Sell,0.05,-,-,114.487,114.511,0,-120,5h 34m,-0.04%
29/07/20 4:00,29/07/20 7:50,CADJPY,Sell,0.05,-,-,78.608,78.554,0,270,3h 50m,0.08%
29/07/20 4:00,29/07/20 7:05,EURJPY,Sell,0.03,-,-,123.219,123.206,0,39,3h 5m,0.01%
29/07/20 4:00,29/07/20 7:05,AUDJPY,Sell,0.05,-,-,75.389,75.276,0,565,3h 5m,0.18%
29/07/20 4:10,29/07/20 7:00,USDJPY,Sell,0.05,-,-,105.141,105.056,0,425,2h 50m,0.13%
29/07/20 4:00,29/07/20 7:00,GBPJPY,Sell,0.05,-,-,135.911,135.766,0,725,3h 0m,0.23%
29/07/20 3:05,29/07/20 6:00,GBPJPY,Sell,0.05,-,-,135.89,135.776,0,570,2h 55m,0.18%
29/07/20 3:00,29/07/20 6:00,USDJPY,Sell,0.05,-,-,105.109,105.05,0,295,2h 59m,0.09%
29/07/20 3:05,29/07/20 6:00,CADJPY,Sell,0.05,-,-,78.566,78.558,0,40,2h 54m,0.01%
29/07/20 3:05,29/07/20 6:00,AUDJPY,Sell,0.05,-,-,75.273,75.276,0,-15,2h 55m,0.00%
29/07/20 3:00,29/07/20 6:00,EURJPY,Sell,0.05,-,-,123.174,123.213,0,-195,2h 59m,-0.06%
29/07/20 1:10,29/07/20 2:10,USDJPY,Buy,0.05,-,-,105.047,105.097,0,250,1h 0m,0.08%
29/07/20 1:35,29/07/20 2:10,AUDJPY,Buy,0.05,-,-,75.17,75.204,0,170,35m,0.05%
29/07/20 1:30,29/07/20 2:10,EURJPY,Buy,0.04,-,-,123.104,123.175,0,284,39m,0.09%
28/07/20 4:05,28/07/20 8:30,CHFJPY,Sell,0.05,-,-,114.497,114.522,0,-125,4h 24m,-0.04%
28/07/20 3:55,28/07/20 8:30,CHFJPY,Sell,0.05,-,-,114.479,114.522,0,-215,4h 35m,-0.07%
28/07/20 4:00,28/07/20 8:30,CADJPY,Sell,0.05,-,-,78.921,78.971,0,-250,4h 29m,-0.08%
28/07/20 4:00,28/07/20 7:00,EURJPY,Sell,0.03,-,-,123.926,123.791,0,405,2h 59m,0.13%
28/07/20 4:05,28/07/20 7:00,GBPJPY,Sell,0.05,-,-,135.776,135.71,0,330,2h 54m,0.10%
28/07/20 4:05,28/07/20 7:00,AUDJPY,Sell,0.05,-,-,75.391,75.342,0,245,2h 55m,0.08%
28/07/20 3:05,28/07/20 6:10,GBPJPY,Sell,0.05,-,-,135.732,135.75,0,-90,3h 4m,-0.03%
28/07/20 3:55,28/07/20 6:07,USDJPY,Sell,0.05,-,-,105.328,105.573,0,-1225,2h 12m,-0.38%
28/07/20 4:00,28/07/20 6:07,USDJPY,Sell,0.05,-,-,105.324,105.575,0,-1255,2h 7m,-0.39%
28/07/20 3:00,28/07/20 6:00,EURJPY,Sell,0.05,-,-,123.896,123.861,0,175,2h 59m,0.05%
28/07/20 1:10,28/07/20 2:10,USDJPY,Buy,0.05,-,-,105.335,105.34,0,25,1h 0m,0.01%
27/07/20 3:15,27/07/20 8:00,AUDJPY,Sell,0.05,-,-,75.368,75.345,0,115,4h 45m,0.04%
27/07/20 3:10,27/07/20 6:05,GBPJPY,Sell,0.05,-,-,135.693,135.612,0,405,2h 55m,0.13%
27/07/20 3:10,27/07/20 6:05,EURJPY,Sell,0.05,-,-,123.572,123.602,0,-150,2h 55m,-0.05%
27/07/20 3:20,27/07/20 6:00,USDJPY,Sell,0.05,-,-,106.041,105.57,0,2355,2h 39m,0.74%
27/07/20 3:15,27/07/20 6:00,CADJPY,Sell,0.05,-,-,79.084,78.903,0,905,2h 44m,0.29%
27/07/20 3:10,27/07/20 6:00,CHFJPY,Sell,0.05,-,-,115.115,115.011,0,520,2h 49m,0.16%
27/07/20 1:20,27/07/20 2:10,GBPJPY,Buy,0.05,-,-,135.485,135.589,0,520,50m,0.16%
27/07/20 1:15,27/07/20 2:10,USDJPY,Buy,0.05,-,-,105.973,106.021,0,240,55m,0.08%
27/07/20 1:15,27/07/20 2:10,EURJPY,Buy,0.05,-,-,123.399,123.478,0,395,54m,0.13%
27/07/20 1:15,27/07/20 2:10,AUDJPY,Buy,0.05,-,-,75.155,75.189,0,170,55m,0.05%
24/07/20 4:20,24/07/20 7:00,GBPJPY,Sell,0.05,-,-,136.008,135.598,0,2050,2h 40m,0.66%
24/07/20 4:00,24/07/20 7:00,AUDJPY,Sell,0.05,-,-,75.855,75.497,0,1790,3h 0m,0.58%
24/07/20 4:30,24/07/20 7:00,CHFJPY,Sell,0.05,-,-,115.296,115.114,0,910,2h 29m,0.29%
24/07/20 4:50,24/07/20 7:00,USDJPY,Sell,0.05,-,-,106.564,106.391,0,865,2h 9m,0.27%
24/07/20 4:25,24/07/20 7:00,EURJPY,Sell,0.04,-,-,123.764,123.555,0,836,2h 34m,0.27%
24/07/20 3:00,24/07/20 6:00,USDJPY,Sell,0.05,-,-,106.843,106.516,0,1635,3h 0m,0.53%
23/07/20 4:40,23/07/20 10:00,CADJPY,Sell,0.05,-,-,79.913,80.035,0,-610,5h 19m,-0.20%
23/07/20 4:40,23/07/20 9:45,EURJPY,Sell,0.03,-,-,123.994,124.121,0,-381,5h 4m,-0.12%
23/07/20 4:55,23/07/20 9:35,AUDJPY,Sell,0.05,-,-,76.503,76.615,0,-560,4h 39m,-0.18%
23/07/20 3:10,23/07/20 9:00,CHFJPY,Sell,0.05,-,-,115.312,115.403,0,-455,5h 49m,-0.15%
23/07/20 4:45,23/07/20 8:45,GBPJPY,Sell,0.05,-,-,136.433,136.468,0,-175,4h 0m,-0.06%
23/07/20 3:20,23/07/20 6:45,USDJPY,Sell,0.05,-,-,107.185,107.132,0,265,3h 24m,0.09%
23/07/20 3:15,23/07/20 6:00,GBPJPY,Sell,0.05,-,-,136.487,136.364,0,615,2h 45m,0.20%
23/07/20 3:10,23/07/20 6:00,AUDJPY,Sell,0.05,-,-,76.572,76.471,0,505,2h 50m,0.16%
23/07/20 3:10,23/07/20 6:00,EURJPY,Sell,0.05,-,-,124.007,123.963,0,220,2h 49m,0.07%
23/07/20 3:10,23/07/20 6:00,CADJPY,Sell,0.05,-,-,79.926,79.888,0,190,2h 49m,0.06%
23/07/20 1:55,23/07/20 2:10,EURJPY,Buy,0.05,-,-,123.996,123.999,0,15,14m,0.00%
23/07/20 0:06,23/07/20 1:10,GBPJPY,Buy,0.05,-,-,136.464,136.496,0,160,1h 3m,0.05%
16/07/20 1:55,16/07/20 2:10,USDJPY,Buy,0.05,-,-,106.925,106.891,0,-170,15m,-0.06%
16/07/20 1:45,16/07/20 2:10,AUDJPY,Buy,0.05,-,-,74.914,74.89,0,-120,25m,-0.04%
15/07/20 0:15,15/07/20 1:10,EURJPY,Buy,0.05,-,-,122.183,122.354,0,855,55m,0.28%
13/07/20 0:05,13/07/20 1:10,USDJPY,Buy,0.05,-,-,106.912,106.909,0,-15,1h 5m,0.00%
09/07/20 1:10,09/07/20 2:10,GBPJPY,Buy,0.05,-,-,135.243,135.301,0,290,1h 0m,0.09%
02/07/20 1:20,02/07/20 2:10,USDJPY,Buy,0.05,-,-,107.422,107.433,0,55,49m,0.02%
30/06/20 3:20,30/06/20 8:05,AUDJPY,Sell,0.05,-,-,74.004,74.122,0,-590,4h 45m,-0.19%
30/06/20 4:15,30/06/20 8:05,AUDJPY,Sell,0.05,-,-,73.997,74.122,0,-625,3h 50m,-0.20%
30/06/20 4:00,30/06/20 7:50,USDJPY,Sell,0.05,-,-,107.695,107.724,0,-145,3h 50m,-0.05%
30/06/20 3:15,30/06/20 7:50,USDJPY,Sell,0.05,-,-,107.607,107.723,0,-580,4h 35m,-0.19%
30/06/20 4:05,30/06/20 7:45,CADJPY,Sell,0.05,-,-,78.806,78.844,0,-190,3h 40m,-0.06%
30/06/20 4:00,30/06/20 7:00,CHFJPY,Sell,0.05,-,-,113.155,113.226,0,-355,3h 0m,-0.11%
30/06/20 4:00,30/06/20 7:00,EURJPY,Sell,0.03,-,-,121.032,121.067,0,-105,3h 0m,-0.03%
30/06/20 4:10,30/06/20 7:00,GBPJPY,Sell,0.05,-,-,132.518,132.542,0,-120,2h 49m,-0.04%
30/06/20 3:20,30/06/20 6:55,GBPJPY,Sell,0.05,-,-,132.516,132.525,0,-45,3h 34m,-0.01%
30/06/20 3:20,30/06/20 6:55,CHFJPY,Sell,0.05,-,-,113.142,113.22,0,-390,3h 34m,-0.13%
29/06/20 4:00,29/06/20 7:00,USDJPY,Sell,0.05,-,-,107.265,107.147,0,590,3h 0m,0.19%
29/06/20 4:00,29/06/20 7:00,CADJPY,Sell,0.05,-,-,78.51,78.431,0,395,2h 59m,0.13%
29/06/20 4:00,29/06/20 7:00,AUDJPY,Sell,0.05,-,-,73.736,73.66,0,380,3h 0m,0.12%
29/06/20 4:00,29/06/20 7:00,CHFJPY,Sell,0.05,-,-,113.185,113.115,0,350,3h 0m,0.11%
29/06/20 4:00,29/06/20 7:00,EURJPY,Sell,0.03,-,-,120.459,120.429,0,90,2h 59m,0.03%
29/06/20 4:00,29/06/20 7:00,GBPJPY,Sell,0.05,-,-,132.523,132.522,0,5,2h 59m,0.00%
29/06/20 3:00,29/06/20 6:00,USDJPY,Sell,0.05,-,-,107.227,107.169,0,290,3h 0m,0.09%
29/06/20 3:00,29/06/20 6:00,CHFJPY,Sell,0.05,-,-,113.103,113.133,0,-150,2h 59m,-0.05%
29/06/20 3:00,29/06/20 4:15,AUDJPY,Sell,0.05,-,-,73.569,73.808,0,-1195,1h 15m,-0.39%
29/06/20 3:00,29/06/20 4:15,CADJPY,Sell,0.05,-,-,78.378,78.627,0,-1245,1h 15m,-0.40%
29/06/20 3:00,29/06/20 4:14,EURJPY,Sell,0.05,-,-,120.33,120.573,0,-1215,1h 14m,-0.39%
29/06/20 3:00,29/06/20 3:58,GBPJPY,Sell,0.05,-,-,132.329,132.511,0,-910,58m,-0.29%
29/06/20 0:10,29/06/20 1:10,USDJPY,Buy,0.05,-,-,107.142,107.184,0,210,59m,0.07%
26/06/20 4:15,26/06/20 8:00,AUDJPY,Sell,0.05,-,-,73.738,73.788,0,-250,3h 45m,-0.08%
26/06/20 4:00,26/06/20 7:55,GBPJPY,Sell,0.05,-,-,133.108,133.113,0,-25,3h 55m,-0.01%
26/06/20 4:00,26/06/20 7:50,CADJPY,Sell,0.05,-,-,78.569,78.561,0,40,3h 49m,0.01%
26/06/20 4:00,26/06/20 7:35,EURJPY,Sell,0.04,-,-,120.213,120.231,0,-72,3h 35m,-0.02%
26/06/20 4:05,26/06/20 7:15,CHFJPY,Sell,0.05,-,-,112.975,113.003,0,-140,3h 10m,-0.04%
26/06/20 4:00,26/06/20 7:00,USDJPY,Sell,0.05,-,-,107.181,107.163,0,90,3h 0m,0.03%
26/06/20 3:45,26/06/20 6:00,USDJPY,Sell,0.05,-,-,107.178,107.164,0,70,2h 15m,0.02%
25/06/20 4:05,25/06/20 7:50,AUDJPY,Sell,0.05,-,-,73.57,73.542,0,140,3h 45m,0.04%
25/06/20 4:05,25/06/20 7:40,GBPJPY,Sell,0.05,-,-,133.091,132.99,0,505,3h 35m,0.16%
25/06/20 4:05,25/06/20 7:40,CADJPY,Sell,0.05,-,-,78.591,78.542,0,245,3h 34m,0.08%
25/06/20 3:05,25/06/20 7:40,CADJPY,Sell,0.05,-,-,78.503,78.542,0,-195,4h 34m,-0.06%
25/06/20 4:40,25/06/20 7:35,USDJPY,Sell,0.05,-,-,107.09,107.156,0,-330,2h 54m,-0.11%
25/06/20 3:05,25/06/20 7:35,USDJPY,Sell,0.05,-,-,107.067,107.156,0,-445,4h 29m,-0.14%
25/06/20 4:00,25/06/20 7:25,EURJPY,Sell,0.03,-,-,120.514,120.51,0,12,3h 25m,0.00%
25/06/20 3:20,25/06/20 7:25,CHFJPY,Sell,0.05,-,-,112.932,112.944,0,-60,4h 4m,-0.02%
25/06/20 4:10,25/06/20 7:25,CHFJPY,Sell,0.05,-,-,112.929,112.944,0,-75,3h 14m,-0.02%
25/06/20 3:10,25/06/20 6:50,EURJPY,Sell,0.04,-,-,120.46,120.502,0,-168,3h 39m,-0.05%
25/06/20 3:10,25/06/20 6:50,AUDJPY,Sell,0.05,-,-,73.453,73.498,0,-225,3h 39m,-0.07%
25/06/20 3:05,25/06/20 6:45,GBPJPY,Sell,0.05,-,-,132.936,133.006,0,-350,3h 40m,-0.11%
25/06/20 1:20,25/06/20 2:10,AUDJPY,Buy,0.05,-,-,73.498,73.445,0,-265,50m,-0.08%
24/06/20 4:15,24/06/20 10:00,CHFJPY,Sell,0.05,-,-,112.829,112.911,0,-410,5h 44m,-0.13%
24/06/20 3:10,24/06/20 9:00,CHFJPY,Sell,0.05,-,-,112.777,112.895,0,-590,5h 49m,-0.19%
24/06/20 4:15,24/06/20 7:00,AUDJPY,Sell,0.05,-,-,74.105,73.951,0,770,2h 45m,0.25%
24/06/20 4:20,24/06/20 7:00,CADJPY,Sell,0.05,-,-,78.728,78.611,0,585,2h 39m,0.19%
24/06/20 4:15,24/06/20 7:00,EURJPY,Sell,0.03,-,-,120.618,120.549,0,207,2h 44m,0.07%
24/06/20 3:10,24/06/20 6:40,USDJPY,Sell,0.05,-,-,106.483,106.504,0,-105,3h 30m,-0.03%
24/06/20 3:10,24/06/20 6:30,EURJPY,Sell,0.04,-,-,120.528,120.553,0,-100,3h 19m,-0.03%
24/06/20 3:10,24/06/20 6:00,CADJPY,Sell,0.05,-,-,78.671,78.597,0,370,2h 50m,0.12%
24/06/20 3:05,24/06/20 6:00,GBPJPY,Sell,0.05,-,-,133.346,133.386,0,-200,2h 55m,-0.06%
24/06/20 3:00,24/06/20 6:00,AUDJPY,Sell,0.05,-,-,73.891,73.952,0,-305,3h 0m,-0.10%
24/06/20 1:45,24/06/20 2:10,USDJPY,Buy,0.05,-,-,106.477,106.445,0,-160,24m,-0.05%
23/06/20 4:00,23/06/20 5:23,USDJPY,Sell,0.05,-,-,106.949,107.055,0,-530,1h 23m,-0.17%
23/06/20 3:25,23/06/20 5:23,USDJPY,Sell,0.05,-,-,106.937,107.053,0,-580,1h 58m,-0.18%
23/06/20 3:05,23/06/20 4:54,CHFJPY,Sell,0.05,-,-,112.912,112.75,0,810,1h 49m,0.26%
23/06/20 3:00,23/06/20 4:51,GBPJPY,Sell,0.05,-,-,133.626,133.062,0,2820,1h 51m,0.91%
23/06/20 3:30,23/06/20 4:48,AUDJPY,Sell,0.05,-,-,74.104,73.53,0,2870,1h 18m,0.93%
22/06/20 0:10,22/06/20 1:10,AUDJPY,Buy,0.05,-,-,72.891,72.844,0,-235,59m,-0.08%
18/06/20 0:07,18/06/20 1:10,GBPJPY,Buy,0.05,-,-,134.224,134.332,0,540,1h 2m,0.18%
17/06/20 1:20,17/06/20 2:10,CADJPY,Buy,0.05,-,-,79.173,79.27,0,485,50m,0.16%
17/06/20 1:20,17/06/20 2:10,GBPJPY,Buy,0.05,-,-,134.833,134.968,0,675,50m,0.22%
17/06/20 0:20,17/06/20 1:10,AUDJPY,Buy,0.05,-,-,73.874,73.848,0,-130,49m,-0.04%
15/06/20 1:10,15/06/20 2:10,AUDJPY,Buy,0.05,-,-,73.296,73.395,0,495,1h 0m,0.16%
15/06/20 1:10,15/06/20 2:10,GBPJPY,Buy,0.05,-,-,134.329,134.34,0,55,1h 0m,0.02%
12/06/20 1:05,12/06/20 2:10,EURJPY,Buy,0.04,-,-,120.598,120.619,0,84,1h 5m,0.03%
12/06/20 1:20,12/06/20 2:10,USDJPY,Buy,0.05,-,-,106.793,106.792,0,-5,50m,0.00%
12/06/20 1:10,12/06/20 2:10,CADJPY,Buy,0.05,-,-,78.33,78.3,0,-150,59m,-0.05%
12/06/20 1:05,12/06/20 2:10,GBPJPY,Buy,0.05,-,-,134.486,134.324,0,-810,1h 4m,-0.26%
12/06/20 1:05,12/06/20 2:10,AUDJPY,Buy,0.05,-,-,73.001,73.015,0,70,1h 4m,0.02%
12/06/20 0:15,12/06/20 1:10,USDJPY,Buy,0.05,-,-,106.842,106.815,0,-135,55m,-0.04%
11/06/20 1:30,11/06/20 2:10,AUDJPY,Buy,0.05,-,-,74.841,74.759,0,-410,40m,-0.13%
11/06/20 1:30,11/06/20 2:10,GBPJPY,Buy,0.05,-,-,136.437,136.309,0,-640,40m,-0.21%
11/06/20 1:50,11/06/20 2:10,CHFJPY,Buy,0.05,-,-,113.397,113.416,0,95,20m,0.03%
11/06/20 1:30,11/06/20 2:10,EURJPY,Buy,0.04,-,-,121.779,121.677,0,-408,39m,-0.13%
11/06/20 1:20,11/06/20 2:10,CADJPY,Buy,0.05,-,-,79.882,79.75,0,-660,49m,-0.21%
11/06/20 1:20,11/06/20 2:10,USDJPY,Buy,0.05,-,-,107.079,106.914,0,-825,49m,-0.27%
11/06/20 0:06,11/06/20 1:10,CHFJPY,Buy,0.05,-,-,113.477,113.496,0,95,1h 3m,0.03%
10/06/20 1:30,10/06/20 2:10,AUDJPY,Buy,0.05,-,-,74.855,74.976,0,605,40m,0.20%
10/06/20 0:15,10/06/20 1:10,AUDJPY,Buy,0.05,-,-,74.966,74.991,0,125,55m,0.04%
08/06/20 1:55,08/06/20 2:10,USDJPY,Buy,0.05,-,-,109.607,109.649,0,210,14m,0.07%
04/06/20 1:20,04/06/20 2:10,AUDJPY,Buy,0.05,-,-,75.324,75.472,0,740,50m,0.24%
03/06/20 1:55,03/06/20 2:10,AUDJPY,Buy,0.05,-,-,74.812,74.893,0,405,15m,0.13%
03/06/20 1:55,03/06/20 2:10,USDJPY,Buy,0.05,-,-,108.592,108.668,0,380,15m,0.12%
03/06/20 1:55,03/06/20 2:10,GBPJPY,Buy,0.05,-,-,136.285,136.354,0,345,15m,0.11%
03/06/20 1:15,03/06/20 2:10,EURJPY,Buy,0.05,-,-,121.353,121.392,0,195,55m,0.06%
03/06/20 1:55,03/06/20 2:10,CADJPY,Buy,0.05,-,-,80.304,80.336,0,160,15m,0.05%
02/06/20 1:45,02/06/20 2:10,USDJPY,Buy,0.05,-,-,107.57,107.538,0,-160,24m,-0.05%
02/06/20 1:10,02/06/20 2:10,AUDJPY,Buy,0.05,-,-,73.16,72.995,0,-825,59m,-0.27%
02/06/20 1:45,02/06/20 2:10,EURJPY,Buy,0.04,-,-,119.748,119.701,0,-188,24m,-0.06%
02/06/20 1:50,02/06/20 2:10,CADJPY,Buy,0.05,-,-,79.246,79.19,0,-280,19m,-0.09%
02/06/20 1:10,02/06/20 2:10,GBPJPY,Buy,0.05,-,-,134.392,134.255,0,-685,59m,-0.22%
01/06/20 1:05,01/06/20 2:10,AUDJPY,Buy,0.05,-,-,71.632,71.691,0,295,1h 4m,0.10%
01/06/20 1:05,01/06/20 2:10,CADJPY,Buy,0.05,-,-,78.08,78.136,0,280,1h 4m,0.09%
01/06/20 1:05,01/06/20 2:10,EURJPY,Buy,0.03,-,-,119.631,119.715,0,252,1h 4m,0.08%
01/06/20 1:05,01/06/20 2:10,GBPJPY,Buy,0.05,-,-,132.82,132.95,0,650,1h 4m,0.21%
01/06/20 0:05,01/06/20 1:10,AUDJPY,Buy,0.05,-,-,71.739,71.652,0,-435,1h 5m,-0.14%
01/06/20 0:05,01/06/20 1:10,USDJPY,Buy,0.05,-,-,107.708,107.711,0,15,1h 5m,0.00%
01/06/20 0:05,01/06/20 1:10,CADJPY,Buy,0.05,-,-,78.189,78.085,0,-520,1h 4m,-0.17%
01/06/20 0:05,01/06/20 1:10,GBPJPY,Buy,0.05,-,-,132.772,132.863,0,455,1h 4m,0.15%
29/05/20 4:55,29/05/20 7:15,EURJPY,Sell,0.04,-,-,119.105,119.075,0,120,2h 19m,0.04%
29/05/20 3:25,29/05/20 6:10,AUDJPY,Sell,0.05,-,-,71.436,71.265,0,855,2h 44m,0.28%
29/05/20 3:35,29/05/20 6:05,EURJPY,Sell,0.04,-,-,119.251,119.068,0,732,2h 29m,0.24%
29/05/20 3:35,29/05/20 6:00,CHFJPY,Sell,0.05,-,-,111.658,111.508,0,750,2h 25m,0.25%
29/05/20 0:45,29/05/20 1:10,AUDJPY,Buy,0.05,-,-,71.348,71.322,0,-130,25m,-0.04%
28/05/20 4:00,28/05/20 7:00,AUDJPY,Sell,0.05,-,-,71.48,71.154,0,1630,3h 0m,0.54%
28/05/20 4:00,28/05/20 7:00,GBPJPY,Sell,0.05,-,-,132.314,132.099,0,1075,3h 0m,0.35%
28/05/20 4:00,28/05/20 7:00,CADJPY,Sell,0.05,-,-,78.475,78.272,0,1015,3h 0m,0.33%
28/05/20 4:00,28/05/20 7:00,EURJPY,Sell,0.02,-,-,118.905,118.692,0,426,3h 0m,0.14%
28/05/20 3:00,28/05/20 6:40,USDJPY,Sell,0.05,-,-,107.809,107.81,0,-5,3h 40m,0.00%
28/05/20 3:00,28/05/20 6:15,CHFJPY,Sell,0.05,-,-,111.36,111.359,0,5,3h 15m,0.00%
28/05/20 3:00,28/05/20 6:15,GBPJPY,Sell,0.05,-,-,132.209,132.257,0,-240,3h 15m,-0.08%
28/05/20 3:00,28/05/20 6:05,AUDJPY,Sell,0.05,-,-,71.382,71.401,0,-95,3h 5m,-0.03%
28/05/20 3:00,28/05/20 6:00,CADJPY,Sell,0.05,-,-,78.371,78.425,0,-270,3h 0m,-0.09%
28/05/20 3:00,28/05/20 6:00,EURJPY,Sell,0.05,-,-,118.774,118.838,0,-320,2h 59m,-0.11%
28/05/20 1:40,28/05/20 2:10,AUDJPY,Buy,0.05,-,-,71.246,71.362,0,580,29m,0.19%
28/05/20 0:06,28/05/20 1:10,CHFJPY,Buy,0.05,-,-,111.227,111.269,0,210,1h 4m,0.07%
28/05/20 0:06,28/05/20 1:10,USDJPY,Buy,0.05,-,-,107.731,107.73,0,-5,1h 4m,0.00%
27/05/20 4:00,27/05/20 8:00,USDJPY,Sell,0.05,-,-,107.528,107.473,0,275,4h 0m,0.09%
27/05/20 4:05,27/05/20 7:55,GBPJPY,Sell,0.05,-,-,132.556,132.371,0,925,3h 49m,0.31%
27/05/20 4:00,27/05/20 7:55,CADJPY,Sell,0.05,-,-,77.953,77.996,0,-215,3h 55m,-0.07%
27/05/20 4:05,27/05/20 7:50,EURJPY,Sell,0.03,-,-,118.036,117.811,0,675,3h 44m,0.22%
27/05/20 4:00,27/05/20 7:20,CHFJPY,Sell,0.05,-,-,111.304,111.217,0,435,3h 19m,0.15%
27/05/20 4:05,27/05/20 7:05,AUDJPY,Sell,0.05,-,-,71.478,71.422,0,280,3h 0m,0.09%
27/05/20 3:05,27/05/20 6:10,USDJPY,Sell,0.05,-,-,107.509,107.51,0,-5,3h 5m,0.00%
27/05/20 1:20,27/05/20 2:10,USDJPY,Buy,0.05,-,-,107.506,107.507,0,5,50m,0.00%
27/05/20 0:55,27/05/20 1:10,EURJPY,Buy,0.04,-,-,118.061,118.078,0,68,15m,0.02%
26/05/20 4:00,26/05/20 9:19,CADJPY,Sell,0.05,-,-,77.186,77.473,0,-1435,5h 19m,-0.48%
26/05/20 4:00,26/05/20 9:03,AUDJPY,Sell,0.05,-,-,70.698,70.991,0,-1465,5h 3m,-0.48%
26/05/20 4:00,26/05/20 7:20,EURJPY,Sell,0.03,-,-,117.554,117.675,0,-363,3h 20m,-0.12%
26/05/20 4:00,26/05/20 7:15,CHFJPY,Sell,0.05,-,-,110.979,111.084,0,-525,3h 14m,-0.17%
26/05/20 4:00,26/05/20 7:15,GBPJPY,Sell,0.05,-,-,131.638,131.671,0,-165,3h 14m,-0.05%
26/05/20 4:10,26/05/20 7:00,USDJPY,Sell,0.05,-,-,107.855,107.827,0,140,2h 49m,0.05%
26/05/20 3:20,26/05/20 6:20,USDJPY,Sell,0.05,-,-,107.761,107.825,0,-320,2h 59m,-0.11%
26/05/20 3:00,26/05/20 6:20,CADJPY,Sell,0.05,-,-,77.076,77.244,0,-840,3h 20m,-0.28%
26/05/20 3:20,26/05/20 4:51,CHFJPY,Sell,0.05,-,-,110.896,111.164,0,-1340,1h 31m,-0.44%
26/05/20 3:00,26/05/20 4:09,EURJPY,Sell,0.05,-,-,117.404,117.704,0,-1500,1h 9m,-0.49%
26/05/20 3:00,26/05/20 4:06,AUDJPY,Sell,0.05,-,-,70.537,70.81,0,-1365,1h 6m,-0.44%
26/05/20 3:00,26/05/20 4:05,GBPJPY,Sell,0.05,-,-,131.399,131.707,0,-1540,1h 5m,-0.50%
25/05/20 3:00,25/05/20 8:30,CADJPY,Sell,0.05,-,-,77.038,76.974,0,320,5h 30m,0.10%
25/05/20 3:20,25/05/20 7:55,USDJPY,Sell,0.05,-,-,107.764,107.681,0,415,4h 34m,0.13%
25/05/20 3:00,25/05/20 6:00,EURJPY,Sell,0.05,-,-,117.532,117.262,0,1350,2h 59m,0.44%
25/05/20 3:00,25/05/20 6:00,AUDJPY,Sell,0.05,-,-,70.535,70.332,0,1015,3h 0m,0.33%
25/05/20 3:00,25/05/20 6:00,GBPJPY,Sell,0.05,-,-,131.299,131.12,0,895,3h 0m,0.29%
25/05/20 3:00,25/05/20 6:00,CHFJPY,Sell,0.05,-,-,110.93,110.785,0,725,3h 0m,0.24%
25/05/20 0:05,25/05/20 1:10,EURJPY,Buy,0.05,-,-,117.254,117.291,0,185,1h 4m,0.06%
25/05/20 0:05,25/05/20 1:10,AUDJPY,Buy,0.05,-,-,70.315,70.29,0,-125,1h 4m,-0.04%
22/05/20 1:05,22/05/20 2:10,AUDJPY,Buy,0.05,-,-,70.609,70.62,0,55,1h 5m,0.02%
22/05/20 1:05,22/05/20 2:10,CADJPY,Buy,0.05,-,-,77.101,77.111,0,50,1h 5m,0.02%
22/05/20 1:05,22/05/20 2:10,USDJPY,Buy,0.05,-,-,107.592,107.585,0,-35,1h 4m,-0.01%
20/05/20 1:05,20/05/20 2:10,CADJPY,Buy,0.05,-,-,77.184,77.372,0,940,1h 5m,0.31%
20/05/20 1:05,20/05/20 2:10,AUDJPY,Buy,0.05,-,-,70.308,70.506,0,990,1h 5m,0.33%
20/05/20 0:15,20/05/20 1:10,AUDJPY,Buy,0.05,-,-,70.333,70.302,0,-155,55m,-0.05%
20/05/20 0:15,20/05/20 1:10,USDJPY,Buy,0.05,-,-,107.676,107.715,0,195,55m,0.06%
18/05/20 0:10,18/05/20 1:10,USDJPY,Buy,0.05,-,-,107.105,107.098,0,-35,59m,-0.01%
18/05/20 0:10,18/05/20 1:10,GBPJPY,Buy,0.05,-,-,129.506,129.456,0,-250,1h 0m,-0.08%
15/05/20 1:50,15/05/20 2:10,EURJPY,Buy,0.04,-,-,115.859,115.885,0,104,20m,0.03%
15/05/20 1:40,15/05/20 2:10,AUDJPY,Buy,0.05,-,-,69.243,69.317,0,370,29m,0.12%
14/05/20 1:30,14/05/20 2:10,USDJPY,Buy,0.05,-,-,107.018,107.041,0,115,40m,0.04%
14/05/20 1:50,14/05/20 2:10,CHFJPY,Buy,0.05,-,-,110.054,110.089,0,175,20m,0.06%
14/05/20 1:30,14/05/20 2:10,EURJPY,Buy,0.04,-,-,115.781,115.799,0,72,40m,0.02%
14/05/20 1:30,14/05/20 2:10,CADJPY,Buy,0.05,-,-,75.89,75.943,0,265,40m,0.09%
14/05/20 1:25,14/05/20 2:10,AUDJPY,Buy,0.05,-,-,69.039,69.083,0,220,45m,0.07%
14/05/20 1:30,14/05/20 2:10,GBPJPY,Buy,0.05,-,-,130.897,130.931,0,170,40m,0.06%
13/05/20 0:06,13/05/20 1:10,CADJPY,Buy,0.05,-,-,76.129,76.159,0,150,1h 3m,0.05%
12/05/20 1:50,12/05/20 2:10,AUDJPY,Buy,0.05,-,-,69.843,69.818,0,-125,19m,-0.04%
11/05/20 0:10,11/05/20 1:10,CHFJPY,Buy,0.05,-,-,109.646,109.834,0,940,1h 0m,0.31%
11/05/20 0:10,11/05/20 1:10,USDJPY,Buy,0.05,-,-,106.596,106.727,0,655,59m,0.22%
11/05/20 0:10,11/05/20 1:10,CADJPY,Buy,0.05,-,-,76.491,76.555,0,320,59m,0.11%
11/05/20 0:10,11/05/20 1:10,AUDJPY,Buy,0.05,-,-,69.573,69.592,0,95,59m,0.03%
07/05/20 3:16,-,-,Deposit,,-,-,,,-,300000,-,-